ts,stream,messages,bytes,consumer,num_pending,num_ack_pending,num_redelivered
1785521526,TF_ENTITY,300,88526,thingsflow-entity-greptimedb-durable,0,0,0
1785521526,TF_ALARMS,2365,708874,thingsflow-alarm-materializer,0,0,0
1785521526,KV_twin_state,120,21731,ZLB67XeG,0,0,0
1785521526,TF_RAW,2520,2748720,thingsflow-greptimedb-durable,0,4,0
1785521526,TF_RAW,2520,2748720,thingsflow-latest-kv-durable,0,0,0
1785521526,TF_RAW,2520,2748720,thingsflow-alarms-durable,0,0,0
1785521526,TF_RAW,2520,2748720,thingsflow-questdb-durable,2520,0,0
1785521531,TF_RAW,2518,2746286,thingsflow-greptimedb-durable,0,4,0
1785521531,TF_RAW,2518,2746286,thingsflow-latest-kv-durable,0,0,0
1785521531,TF_RAW,2518,2746286,thingsflow-alarms-durable,0,0,0
1785521531,TF_RAW,2518,2746286,thingsflow-questdb-durable,2518,0,0
1785521531,TF_ENTITY,300,88526,thingsflow-entity-greptimedb-durable,0,0,0
1785521531,TF_ALARMS,2377,712471,thingsflow-alarm-materializer,0,0,0
1785521531,KV_twin_state,120,21721,ZLB67XeG,0,0,0
1785521536,TF_ALARMS,2389,716066,thingsflow-alarm-materializer,0,0,0
1785521536,KV_twin_state,120,21719,ZLB67XeG,0,0,0
1785521536,TF_RAW,2522,2750222,thingsflow-greptimedb-durable,0,4,0
1785521536,TF_RAW,2522,2750222,thingsflow-latest-kv-durable,0,0,0
1785521536,TF_RAW,2522,2750222,thingsflow-alarms-durable,0,0,0
1785521536,TF_RAW,2522,2750222,thingsflow-questdb-durable,2522,0,0
1785521536,TF_ENTITY,300,88526,thingsflow-entity-greptimedb-durable,0,0,0
1785521541,TF_RAW,2522,2749347,thingsflow-greptimedb-durable,0,3,0
1785521541,TF_RAW,2522,2749347,thingsflow-latest-kv-durable,0,0,0
1785521541,TF_RAW,2522,2749347,thingsflow-alarms-durable,0,0,0
1785521541,TF_RAW,2522,2749347,thingsflow-questdb-durable,2522,0,0
1785521541,TF_ENTITY,300,88526,thingsflow-entity-greptimedb-durable,0,0,0
1785521541,TF_ALARMS,2401,719663,thingsflow-alarm-materializer,0,0,0
1785521541,KV_twin_state,120,21725,ZLB67XeG,0,0,0
1785521546,KV_twin_state,120,21723,ZLB67XeG,0,0,0
1785521546,TF_RAW,2522,2749341,thingsflow-greptimedb-durable,0,3,0
1785521546,TF_RAW,2522,2749341,thingsflow-latest-kv-durable,0,0,0
1785521546,TF_RAW,2522,2749341,thingsflow-alarms-durable,0,0,0
1785521546,TF_RAW,2522,2749341,thingsflow-questdb-durable,2522,0,0
1785521546,TF_ENTITY,300,88526,thingsflow-entity-greptimedb-durable,0,0,0
1785521546,TF_ALARMS,2413,723260,thingsflow-alarm-materializer,0,0,0
1785521551,TF_ALARMS,2425,726856,thingsflow-alarm-materializer,0,0,0
1785521551,KV_twin_state,120,21723,ZLB67XeG,0,0,0
1785521551,TF_RAW,2524,2750860,thingsflow-greptimedb-durable,0,3,0
1785521551,TF_RAW,2524,2750860,thingsflow-latest-kv-durable,0,0,0
1785521551,TF_RAW,2524,2750860,thingsflow-alarms-durable,0,0,0
1785521551,TF_RAW,2524,2750860,thingsflow-questdb-durable,2524,0,0
1785521551,TF_ENTITY,300,88526,thingsflow-entity-greptimedb-durable,0,0,0
1785521556,TF_RAW,2523,2749654,thingsflow-greptimedb-durable,0,1,0
1785521556,TF_RAW,2523,2749654,thingsflow-latest-kv-durable,0,0,0
1785521556,TF_RAW,2523,2749654,thingsflow-alarms-durable,0,0,0
1785521556,TF_RAW,2523,2749654,thingsflow-questdb-durable,2523,0,0
1785521556,TF_ENTITY,300,88526,thingsflow-entity-greptimedb-durable,0,0,0
1785521556,TF_ALARMS,2437,730451,thingsflow-alarm-materializer,0,0,0
1785521556,KV_twin_state,120,21726,ZLB67XeG,0,0,0
1785521561,TF_ALARMS,2449,734048,thingsflow-alarm-materializer,0,0,0
1785521561,KV_twin_state,120,21720,ZLB67XeG,0,0,0
1785521561,TF_RAW,2523,2749641,thingsflow-greptimedb-durable,0,0,0
1785521561,TF_RAW,2523,2749641,thingsflow-latest-kv-durable,0,0,0
1785521561,TF_RAW,2523,2749641,thingsflow-alarms-durable,0,0,0
1785521561,TF_RAW,2523,2749641,thingsflow-questdb-durable,2523,0,0
1785521561,TF_ENTITY,300,88526,thingsflow-entity-greptimedb-durable,0,0,0
1785521566,TF_RAW,2523,2749629,thingsflow-greptimedb-durable,0,0,0
1785521566,TF_RAW,2523,2749629,thingsflow-latest-kv-durable,0,0,0
1785521566,TF_RAW,2523,2749629,thingsflow-alarms-durable,0,0,0
1785521566,TF_RAW,2523,2749629,thingsflow-questdb-durable,2523,0,0
1785521566,TF_ENTITY,300,88526,thingsflow-entity-greptimedb-durable,0,0,0
1785521566,TF_ALARMS,2461,737644,thingsflow-alarm-materializer,0,0,0
1785521566,KV_twin_state,120,21720,ZLB67XeG,0,0,0
1785521571,TF_ALARMS,2473,741239,thingsflow-alarm-materializer,0,0,0
1785521571,KV_twin_state,120,21726,ZLB67XeG,0,0,0
1785521571,TF_RAW,2524,2750830,thingsflow-greptimedb-durable,0,0,0
1785521571,TF_RAW,2524,2750830,thingsflow-latest-kv-durable,0,0,0
1785521571,TF_RAW,2524,2750830,thingsflow-alarms-durable,0,0,0
1785521571,TF_RAW,2524,2750830,thingsflow-questdb-durable,2524,0,0
1785521571,TF_ENTITY,300,88526,thingsflow-entity-greptimedb-durable,0,0,0
1785521576,KV_twin_state,120,21725,ZLB67XeG,0,0,0
1785521576,TF_RAW,2523,2749624,thingsflow-greptimedb-durable,0,0,0
1785521576,TF_RAW,2523,2749624,thingsflow-latest-kv-durable,0,0,0
1785521576,TF_RAW,2523,2749624,thingsflow-alarms-durable,0,0,0
1785521576,TF_RAW,2523,2749624,thingsflow-questdb-durable,2523,0,0
1785521576,TF_ENTITY,300,88526,thingsflow-entity-greptimedb-durable,0,0,0
1785521576,TF_ALARMS,2485,744834,thingsflow-alarm-materializer,0,0,0
1785521581,KV_twin_state,120,21728,ZLB67XeG,0,0,0
1785521581,TF_RAW,2523,2749618,thingsflow-greptimedb-durable,0,0,0
1785521581,TF_RAW,2523,2749618,thingsflow-latest-kv-durable,0,0,0
1785521581,TF_RAW,2523,2749618,thingsflow-alarms-durable,0,0,0
1785521581,TF_RAW,2523,2749618,thingsflow-questdb-durable,2523,0,0
1785521581,TF_ENTITY,300,88528,thingsflow-entity-greptimedb-durable,0,0,0
1785521581,TF_ALARMS,2497,748431,thingsflow-alarm-materializer,0,0,0
1785521586,TF_RAW,2523,2749605,thingsflow-greptimedb-durable,0,0,0
1785521586,TF_RAW,2523,2749605,thingsflow-latest-kv-durable,0,0,0
1785521586,TF_RAW,2523,2749605,thingsflow-alarms-durable,0,0,0
1785521586,TF_RAW,2523,2749605,thingsflow-questdb-durable,2523,0,0
1785521586,TF_ENTITY,300,88528,thingsflow-entity-greptimedb-durable,0,0,0
1785521586,TF_ALARMS,2509,752026,thingsflow-alarm-materializer,0,0,0
1785521586,KV_twin_state,120,21718,ZLB67XeG,0,0,0
1785521591,TF_RAW,2524,2750795,thingsflow-greptimedb-durable,0,0,0
1785521591,TF_RAW,2524,2750795,thingsflow-latest-kv-durable,0,0,0
1785521591,TF_RAW,2524,2750795,thingsflow-alarms-durable,0,0,0
1785521591,TF_RAW,2524,2750795,thingsflow-questdb-durable,2524,0,0
1785521591,TF_ENTITY,300,88528,thingsflow-entity-greptimedb-durable,0,0,0
1785521591,TF_ALARMS,2521,755621,thingsflow-alarm-materializer,0,0,0
1785521591,KV_twin_state,120,21723,ZLB67XeG,0,0,0
1785521596,TF_RAW,2523,2749590,thingsflow-greptimedb-durable,0,0,0
1785521596,TF_RAW,2523,2749590,thingsflow-latest-kv-durable,0,0,0
1785521596,TF_RAW,2523,2749590,thingsflow-alarms-durable,0,0,0
1785521596,TF_RAW,2523,2749590,thingsflow-questdb-durable,2523,0,0
1785521596,TF_ENTITY,300,88528,thingsflow-entity-greptimedb-durable,0,0,0
1785521596,TF_ALARMS,2533,759217,thingsflow-alarm-materializer,0,0,0
1785521596,KV_twin_state,120,21728,ZLB67XeG,0,0,0
1785521602,TF_RAW,2523,2749585,thingsflow-greptimedb-durable,0,0,0
1785521602,TF_RAW,2523,2749585,thingsflow-latest-kv-durable,0,0,0
1785521602,TF_RAW,2523,2749585,thingsflow-alarms-durable,0,0,0
1785521602,TF_RAW,2523,2749585,thingsflow-questdb-durable,2523,0,0
1785521602,TF_ENTITY,300,88528,thingsflow-entity-greptimedb-durable,0,0,0
1785521602,TF_ALARMS,2545,762813,thingsflow-alarm-materializer,0,0,0
1785521602,KV_twin_state,120,21732,ZLB67XeG,0,0,0
1785521607,TF_RAW,2524,2750775,thingsflow-greptimedb-durable,0,0,0
1785521607,TF_RAW,2524,2750775,thingsflow-latest-kv-durable,0,0,0
1785521607,TF_RAW,2524,2750775,thingsflow-alarms-durable,0,0,0
1785521607,TF_RAW,2524,2750775,thingsflow-questdb-durable,2524,0,0
1785521607,TF_ENTITY,300,88528,thingsflow-entity-greptimedb-durable,0,0,0
1785521607,TF_ALARMS,2557,766409,thingsflow-alarm-materializer,0,0,0
1785521607,KV_twin_state,120,21721,ZLB67XeG,0,0,0
1785521612,TF_RAW,2523,2749568,thingsflow-greptimedb-durable,0,0,0
1785521612,TF_RAW,2523,2749568,thingsflow-latest-kv-durable,0,0,0
1785521612,TF_RAW,2523,2749568,thingsflow-alarms-durable,0,0,0
1785521612,TF_RAW,2523,2749568,thingsflow-questdb-durable,2523,0,0
1785521612,TF_ENTITY,300,88528,thingsflow-entity-greptimedb-durable,0,0,0
1785521612,TF_ALARMS,2569,770005,thingsflow-alarm-materializer,0,0,0
1785521612,KV_twin_state,120,21730,ZLB67XeG,0,0,0
1785521617,TF_RAW,2520,2745890,thingsflow-greptimedb-durable,0,0,0
1785521617,TF_RAW,2520,2745890,thingsflow-latest-kv-durable,0,0,0
1785521617,TF_RAW,2520,2745890,thingsflow-alarms-durable,0,0,0
1785521617,TF_RAW,2520,2745890,thingsflow-questdb-durable,2520,0,0
1785521617,TF_ENTITY,300,88528,thingsflow-entity-greptimedb-durable,0,0,0
1785521617,TF_ALARMS,2581,773600,thingsflow-alarm-materializer,0,0,0
1785521617,KV_twin_state,120,21717,ZLB67XeG,0,0,0
1785521622,TF_RAW,2520,2745896,thingsflow-greptimedb-durable,0,0,0
1785521622,TF_RAW,2520,2745896,thingsflow-latest-kv-durable,0,0,0
1785521622,TF_RAW,2520,2745896,thingsflow-alarms-durable,0,0,0
1785521622,TF_RAW,2520,2745896,thingsflow-questdb-durable,2520,0,0
1785521622,TF_ENTITY,300,88528,thingsflow-entity-greptimedb-durable,0,0,0
1785521622,TF_ALARMS,2593,777196,thingsflow-alarm-materializer,0,0,0
1785521622,KV_twin_state,120,21740,ZLB67XeG,0,0,0
1785521627,TF_RAW,2524,2750809,thingsflow-greptimedb-durable,0,4,0
1785521627,TF_RAW,2524,2750809,thingsflow-latest-kv-durable,0,2,0
1785521627,TF_RAW,2524,2750809,thingsflow-alarms-durable,0,0,0
1785521627,TF_RAW,2524,2750809,thingsflow-questdb-durable,2524,0,0
1785521627,TF_ENTITY,300,88528,thingsflow-entity-greptimedb-durable,0,0,0
1785521627,TF_ALARMS,2605,780792,thingsflow-alarm-materializer,0,0,0
1785521627,KV_twin_state,120,21730,ZLB67XeG,0,0,0
1785521632,TF_RAW,2524,2750816,thingsflow-greptimedb-durable,0,4,0
1785521632,TF_RAW,2524,2750816,thingsflow-latest-kv-durable,0,0,0
1785521632,TF_RAW,2524,2750816,thingsflow-alarms-durable,0,0,0
1785521632,TF_RAW,2524,2750816,thingsflow-questdb-durable,2524,0,0
1785521632,TF_ENTITY,300,88528,thingsflow-entity-greptimedb-durable,0,0,0
1785521632,TF_ALARMS,2617,784389,thingsflow-alarm-materializer,0,0,0
1785521632,KV_twin_state,120,21739,ZLB67XeG,0,0,0
1785521637,TF_RAW,2524,2750820,thingsflow-greptimedb-durable,0,0,0
1785521637,TF_RAW,2524,2750820,thingsflow-latest-kv-durable,0,0,0
1785521637,TF_RAW,2524,2750820,thingsflow-alarms-durable,0,0,0
1785521637,TF_RAW,2524,2750820,thingsflow-questdb-durable,2524,0,0
1785521637,TF_ENTITY,300,88528,thingsflow-entity-greptimedb-durable,0,0,0
1785521637,TF_ALARMS,2629,787986,thingsflow-alarm-materializer,0,0,0
1785521637,KV_twin_state,120,21733,ZLB67XeG,0,0,0
1785521642,TF_RAW,2524,2750828,thingsflow-greptimedb-durable,0,0,0
1785521642,TF_RAW,2524,2750828,thingsflow-latest-kv-durable,0,0,0
1785521642,TF_RAW,2524,2750828,thingsflow-alarms-durable,0,0,0
1785521642,TF_RAW,2524,2750828,thingsflow-questdb-durable,2524,0,0
1785521642,TF_ENTITY,300,88530,thingsflow-entity-greptimedb-durable,0,0,0
1785521642,TF_ALARMS,2641,791580,thingsflow-alarm-materializer,0,0,0
1785521642,KV_twin_state,120,21730,ZLB67XeG,0,0,0
1785521647,TF_RAW,2524,2750842,thingsflow-greptimedb-durable,0,0,0
1785521647,TF_RAW,2524,2750842,thingsflow-latest-kv-durable,0,0,0
1785521647,TF_RAW,2524,2750842,thingsflow-alarms-durable,0,0,0
1785521647,TF_RAW,2524,2750842,thingsflow-questdb-durable,2524,0,0
1785521647,TF_ENTITY,300,88530,thingsflow-entity-greptimedb-durable,0,0,0
1785521647,TF_ALARMS,2653,795177,thingsflow-alarm-materializer,0,0,0
1785521647,KV_twin_state,120,21736,ZLB67XeG,0,0,0
1785521652,TF_ALARMS,2665,798771,thingsflow-alarm-materializer,0,0,0
1785521652,KV_twin_state,120,21729,ZLB67XeG,0,0,0
1785521652,TF_RAW,2524,2750844,thingsflow-greptimedb-durable,0,0,0
1785521652,TF_RAW,2524,2750844,thingsflow-latest-kv-durable,0,0,0
1785521652,TF_RAW,2524,2750844,thingsflow-alarms-durable,0,0,0
1785521652,TF_RAW,2524,2750844,thingsflow-questdb-durable,2524,0,0
1785521652,TF_ENTITY,300,88530,thingsflow-entity-greptimedb-durable,0,0,0
1785521657,TF_RAW,2524,2750852,thingsflow-greptimedb-durable,0,0,0
1785521657,TF_RAW,2524,2750852,thingsflow-latest-kv-durable,0,0,0
1785521657,TF_RAW,2524,2750852,thingsflow-alarms-durable,0,0,0
1785521657,TF_RAW,2524,2750852,thingsflow-questdb-durable,2524,0,0
1785521657,TF_ENTITY,300,88530,thingsflow-entity-greptimedb-durable,0,0,0
1785521657,TF_ALARMS,2677,802366,thingsflow-alarm-materializer,0,0,0
1785521657,KV_twin_state,120,21738,ZLB67XeG,0,0,0
1785521662,TF_RAW,2524,2750859,thingsflow-greptimedb-durable,0,0,0
1785521662,TF_RAW,2524,2750859,thingsflow-latest-kv-durable,0,0,0
1785521662,TF_RAW,2524,2750859,thingsflow-alarms-durable,0,0,0
1785521662,TF_RAW,2524,2750859,thingsflow-questdb-durable,2524,0,0
1785521662,TF_ENTITY,300,88530,thingsflow-entity-greptimedb-durable,0,0,0
1785521662,TF_ALARMS,2689,805960,thingsflow-alarm-materializer,0,0,0
1785521662,KV_twin_state,120,21735,ZLB67XeG,0,0,0
1785521667,KV_twin_state,120,21738,ZLB67XeG,0,0,0
1785521667,TF_RAW,2524,2750866,thingsflow-greptimedb-durable,0,0,0
1785521667,TF_RAW,2524,2750866,thingsflow-latest-kv-durable,0,0,0
1785521667,TF_RAW,2524,2750866,thingsflow-alarms-durable,0,0,0
1785521667,TF_RAW,2524,2750866,thingsflow-questdb-durable,2524,0,0
1785521667,TF_ENTITY,300,88530,thingsflow-entity-greptimedb-durable,0,0,0
1785521667,TF_ALARMS,2701,809555,thingsflow-alarm-materializer,0,0,0
1785521672,TF_RAW,2659,2797799,thingsflow-greptimedb-durable,0,12,0
1785521672,TF_RAW,2659,2797799,thingsflow-latest-kv-durable,0,0,0
1785521672,TF_RAW,2659,2797799,thingsflow-alarms-durable,0,0,0
1785521672,TF_RAW,2659,2797799,thingsflow-questdb-durable,2659,0,0
1785521672,TF_ENTITY,300,88530,thingsflow-entity-greptimedb-durable,0,0,0
1785521672,TF_ALARMS,2713,813149,thingsflow-alarm-materializer,0,0,0
1785521672,KV_twin_state,270,48269,ZLB67XeG,0,0,0
1785521677,TF_RAW,2913,2886139,thingsflow-greptimedb-durable,0,16,0
1785521677,TF_RAW,2913,2886139,thingsflow-latest-kv-durable,0,0,0
1785521677,TF_RAW,2913,2886139,thingsflow-alarms-durable,0,0,0
1785521677,TF_RAW,2913,2886139,thingsflow-questdb-durable,2913,0,0
1785521677,TF_ENTITY,300,88530,thingsflow-entity-greptimedb-durable,0,0,0
1785521677,TF_ALARMS,2725,816745,thingsflow-alarm-materializer,0,0,0
1785521677,KV_twin_state,270,48271,ZLB67XeG,0,0,0
1785521682,TF_ALARMS,2737,820338,thingsflow-alarm-materializer,0,0,0
1785521682,KV_twin_state,270,48318,ZLB67XeG,0,0,0
1785521682,TF_RAW,3164,2973612,thingsflow-greptimedb-durable,0,16,0
1785521682,TF_RAW,3164,2973612,thingsflow-latest-kv-durable,0,0,0
1785521682,TF_RAW,3164,2973612,thingsflow-alarms-durable,0,0,0
1785521682,TF_RAW,3164,2973612,thingsflow-questdb-durable,3164,0,0
1785521682,TF_ENTITY,300,88530,thingsflow-entity-greptimedb-durable,0,0,0
1785521687,TF_RAW,3418,3062212,thingsflow-greptimedb-durable,0,18,0
1785521687,TF_RAW,3418,3062212,thingsflow-latest-kv-durable,0,0,0
1785521687,TF_RAW,3418,3062212,thingsflow-alarms-durable,0,0,0
1785521687,TF_RAW,3418,3062212,thingsflow-questdb-durable,3418,0,0
1785521687,TF_ENTITY,300,88530,thingsflow-entity-greptimedb-durable,0,0,0
1785521687,TF_ALARMS,2749,823934,thingsflow-alarm-materializer,0,0,0
1785521687,KV_twin_state,270,48325,ZLB67XeG,0,0,0
1785521692,TF_RAW,3668,3149413,thingsflow-greptimedb-durable,0,16,0
1785521692,TF_RAW,3668,3149413,thingsflow-latest-kv-durable,0,0,0
1785521692,TF_RAW,3668,3149413,thingsflow-alarms-durable,0,0,0
1785521692,TF_RAW,3668,3149413,thingsflow-questdb-durable,3668,0,0
1785521692,TF_ENTITY,300,88530,thingsflow-entity-greptimedb-durable,0,0,0
1785521692,TF_ALARMS,2761,827528,thingsflow-alarm-materializer,0,0,0
1785521692,KV_twin_state,270,48328,ZLB67XeG,0,0,0
1785521697,TF_ENTITY,300,88530,thingsflow-entity-greptimedb-durable,0,0,0
1785521697,TF_ALARMS,2773,831124,thingsflow-alarm-materializer,0,0,0
1785521697,KV_twin_state,270,48323,ZLB67XeG,0,0,0
1785521697,TF_RAW,3923,3238339,thingsflow-greptimedb-durable,0,0,0
1785521697,TF_RAW,3923,3238339,thingsflow-latest-kv-durable,0,0,0
1785521697,TF_RAW,3923,3238339,thingsflow-alarms-durable,0,0,0
1785521697,TF_RAW,3923,3238339,thingsflow-questdb-durable,3923,0,0
1785521702,TF_ALARMS,2785,834721,thingsflow-alarm-materializer,0,0,0
1785521702,KV_twin_state,270,48328,ZLB67XeG,0,0,0
1785521702,TF_RAW,4173,3325539,thingsflow-greptimedb-durable,0,0,0
1785521702,TF_RAW,4173,3325539,thingsflow-latest-kv-durable,0,0,0
1785521702,TF_RAW,4173,3325539,thingsflow-alarms-durable,0,0,0
1785521702,TF_RAW,4173,3325539,thingsflow-questdb-durable,4173,0,0
1785521702,TF_ENTITY,300,88532,thingsflow-entity-greptimedb-durable,0,0,0
1785521707,TF_ALARMS,2797,838318,thingsflow-alarm-materializer,0,0,0
1785521707,KV_twin_state,270,48325,ZLB67XeG,0,0,0
1785521707,TF_RAW,4425,3413421,thingsflow-greptimedb-durable,0,1,0
1785521707,TF_RAW,4425,3413421,thingsflow-latest-kv-durable,0,0,0
1785521707,TF_RAW,4425,3413421,thingsflow-alarms-durable,0,0,0
1785521707,TF_RAW,4425,3413421,thingsflow-questdb-durable,4425,0,0
1785521707,TF_ENTITY,300,88532,thingsflow-entity-greptimedb-durable,0,0,0
1785521712,TF_RAW,4678,3501672,thingsflow-greptimedb-durable,0,4,0
1785521712,TF_RAW,4678,3501672,thingsflow-latest-kv-durable,0,0,0
1785521712,TF_RAW,4678,3501672,thingsflow-alarms-durable,0,0,0
1785521712,TF_RAW,4678,3501672,thingsflow-questdb-durable,4678,0,0
1785521712,TF_ENTITY,300,88532,thingsflow-entity-greptimedb-durable,0,0,0
1785521712,TF_ALARMS,2809,841915,thingsflow-alarm-materializer,0,0,0
1785521712,KV_twin_state,270,48329,ZLB67XeG,0,0,0
1785521718,TF_RAW,4929,3589202,thingsflow-greptimedb-durable,0,5,0
1785521718,TF_RAW,4929,3589202,thingsflow-latest-kv-durable,0,0,0
1785521718,TF_RAW,4929,3589202,thingsflow-alarms-durable,0,0,0
1785521718,TF_RAW,4929,3589202,thingsflow-questdb-durable,4929,0,0
1785521718,TF_ENTITY,300,88532,thingsflow-entity-greptimedb-durable,0,0,0
1785521718,TF_ALARMS,2821,845509,thingsflow-alarm-materializer,0,0,0
1785521718,KV_twin_state,270,48320,ZLB67XeG,0,0,0
1785521723,KV_twin_state,270,48320,ZLB67XeG,0,0,0
1785521723,TF_RAW,5187,3679195,thingsflow-greptimedb-durable,0,12,0
1785521723,TF_RAW,5187,3679195,thingsflow-latest-kv-durable,0,0,0
1785521723,TF_RAW,5187,3679195,thingsflow-alarms-durable,0,0,0
1785521723,TF_RAW,5187,3679195,thingsflow-questdb-durable,5187,0,0
1785521723,TF_ENTITY,300,88532,thingsflow-entity-greptimedb-durable,0,0,0
1785521723,TF_ALARMS,2833,849105,thingsflow-alarm-materializer,0,0,0
1785521728,TF_RAW,5437,3766388,thingsflow-greptimedb-durable,0,12,0
1785521728,TF_RAW,5437,3766388,thingsflow-latest-kv-durable,0,0,0
1785521728,TF_RAW,5437,3766388,thingsflow-alarms-durable,0,0,0
1785521728,TF_RAW,5437,3766388,thingsflow-questdb-durable,5437,0,0
1785521728,TF_ENTITY,300,88532,thingsflow-entity-greptimedb-durable,0,0,0
1785521728,TF_ALARMS,2845,852702,thingsflow-alarm-materializer,0,0,0
1785521728,KV_twin_state,270,48310,ZLB67XeG,0,0,0
1785521733,TF_RAW,5690,3854611,thingsflow-greptimedb-durable,0,14,0
1785521733,TF_RAW,5690,3854611,thingsflow-latest-kv-durable,0,0,0
1785521733,TF_RAW,5690,3854611,thingsflow-alarms-durable,0,0,0
1785521733,TF_RAW,5690,3854611,thingsflow-questdb-durable,5690,0,0
1785521733,TF_ENTITY,300,88532,thingsflow-entity-greptimedb-durable,0,0,0
1785521733,TF_ALARMS,2857,856295,thingsflow-alarm-materializer,0,0,0
1785521733,KV_twin_state,270,48316,ZLB67XeG,0,0,0
1785521738,TF_RAW,5942,3938989,thingsflow-greptimedb-durable,0,20,0
1785521738,TF_RAW,5942,3938989,thingsflow-latest-kv-durable,0,0,0
1785521738,TF_RAW,5942,3938989,thingsflow-alarms-durable,0,0,0
1785521738,TF_RAW,5942,3938989,thingsflow-questdb-durable,5942,0,0
1785521738,TF_ENTITY,300,88532,thingsflow-entity-greptimedb-durable,0,0,0
1785521738,TF_ALARMS,2869,859892,thingsflow-alarm-materializer,0,0,0
1785521738,KV_twin_state,270,48325,ZLB67XeG,0,0,0
1785521743,TF_RAW,6193,4026524,thingsflow-greptimedb-durable,0,20,0
1785521743,TF_RAW,6193,4026524,thingsflow-latest-kv-durable,0,0,0
1785521743,TF_RAW,6193,4026524,thingsflow-alarms-durable,0,0,0
1785521743,TF_RAW,6193,4026524,thingsflow-questdb-durable,6193,0,0
1785521743,TF_ENTITY,300,88532,thingsflow-entity-greptimedb-durable,0,0,0
1785521743,TF_ALARMS,2881,863488,thingsflow-alarm-materializer,0,0,0
1785521743,KV_twin_state,270,48312,ZLB67XeG,0,0,0
1785521748,KV_twin_state,270,48320,ZLB67XeG,0,0,0
1785521748,TF_RAW,6452,4119417,thingsflow-greptimedb-durable,0,29,0
1785521748,TF_RAW,6452,4119417,thingsflow-latest-kv-durable,0,0,0
1785521748,TF_RAW,6452,4119417,thingsflow-alarms-durable,0,0,0
1785521748,TF_RAW,6452,4119417,thingsflow-questdb-durable,6452,0,0
1785521748,TF_ENTITY,300,88532,thingsflow-entity-greptimedb-durable,0,0,0
1785521748,TF_ALARMS,2896,867971,thingsflow-alarm-materializer,0,0,0
1785521753,TF_RAW,6701,4205414,thingsflow-greptimedb-durable,0,29,0
1785521753,TF_RAW,6701,4205414,thingsflow-latest-kv-durable,0,0,0
1785521753,TF_RAW,6701,4205414,thingsflow-alarms-durable,0,0,0
1785521753,TF_RAW,6701,4205414,thingsflow-questdb-durable,6701,0,0
1785521753,TF_ENTITY,300,88532,thingsflow-entity-greptimedb-durable,0,0,0
1785521753,TF_ALARMS,2908,871568,thingsflow-alarm-materializer,0,0,0
1785521753,KV_twin_state,270,48319,ZLB67XeG,0,0,0
1785521758,TF_RAW,6954,4291947,thingsflow-greptimedb-durable,0,33,0
1785521758,TF_RAW,6954,4291947,thingsflow-latest-kv-durable,0,0,0
1785521758,TF_RAW,6954,4291947,thingsflow-alarms-durable,0,0,0
1785521758,TF_RAW,6954,4291947,thingsflow-questdb-durable,6954,0,0
1785521758,TF_ENTITY,300,88532,thingsflow-entity-greptimedb-durable,0,0,0
1785521758,TF_ALARMS,2920,875164,thingsflow-alarm-materializer,0,0,0
1785521758,KV_twin_state,270,48318,ZLB67XeG,0,0,0
1785521763,TF_RAW,7207,4382747,thingsflow-greptimedb-durable,0,33,0
1785521763,TF_RAW,7207,4382747,thingsflow-latest-kv-durable,0,0,0
1785521763,TF_RAW,7207,4382747,thingsflow-alarms-durable,0,0,0
1785521763,TF_RAW,7207,4382747,thingsflow-questdb-durable,7207,0,0
1785521763,TF_ENTITY,300,88534,thingsflow-entity-greptimedb-durable,0,0,0
1785521763,TF_ALARMS,2932,878760,thingsflow-alarm-materializer,0,0,0
1785521763,KV_twin_state,270,48306,ZLB67XeG,0,0,0
1785521768,TF_RAW,7460,4470979,thingsflow-greptimedb-durable,0,2,0
1785521768,TF_RAW,7460,4470979,thingsflow-latest-kv-durable,0,1,0
1785521768,TF_RAW,7460,4470979,thingsflow-alarms-durable,0,1,0
1785521768,TF_RAW,7460,4470979,thingsflow-questdb-durable,7460,0,0
1785521768,TF_ENTITY,300,88534,thingsflow-entity-greptimedb-durable,0,0,0
1785521768,TF_ALARMS,2944,882357,thingsflow-alarm-materializer,0,0,0
1785521768,KV_twin_state,270,48320,ZLB67XeG,0,0,0
1785521773,KV_twin_state,270,48359,ZLB67XeG,0,0,0
1785521773,TF_RAW,7712,4559094,thingsflow-greptimedb-durable,0,4,0
1785521773,TF_RAW,7712,4559094,thingsflow-latest-kv-durable,0,0,0
1785521773,TF_RAW,7712,4559094,thingsflow-alarms-durable,0,0,0
1785521773,TF_RAW,7712,4559094,thingsflow-questdb-durable,7712,0,0
1785521773,TF_ENTITY,300,88534,thingsflow-entity-greptimedb-durable,0,0,0
1785521773,TF_ALARMS,2956,885975,thingsflow-alarm-materializer,0,0,0
1785521778,TF_ENTITY,300,88534,thingsflow-entity-greptimedb-durable,0,0,0
1785521778,TF_ALARMS,2968,889569,thingsflow-alarm-materializer,0,0,0
1785521778,KV_twin_state,270,48368,ZLB67XeG,0,0,0
1785521778,TF_RAW,7960,4643269,thingsflow-greptimedb-durable,0,3,0
1785521778,TF_RAW,7960,4643269,thingsflow-latest-kv-durable,0,0,0
1785521778,TF_RAW,7960,4643269,thingsflow-alarms-durable,0,0,0
1785521778,TF_RAW,7960,4643269,thingsflow-questdb-durable,7960,0,0
1785521783,TF_RAW,8217,4735733,thingsflow-greptimedb-durable,0,6,0
1785521783,TF_RAW,8217,4735733,thingsflow-latest-kv-durable,0,0,0
1785521783,TF_RAW,8217,4735733,thingsflow-alarms-durable,0,0,0
1785521783,TF_RAW,8217,4735733,thingsflow-questdb-durable,8217,0,0
1785521783,TF_ENTITY,300,88534,thingsflow-entity-greptimedb-durable,0,0,0
1785521783,TF_ALARMS,2980,893165,thingsflow-alarm-materializer,0,0,0
1785521783,KV_twin_state,270,48361,ZLB67XeG,0,0,0
1785521788,KV_twin_state,270,48365,ZLB67XeG,0,0,0
1785521788,TF_RAW,8467,4823179,thingsflow-greptimedb-durable,0,4,0
1785521788,TF_RAW,8467,4823179,thingsflow-latest-kv-durable,0,0,0
1785521788,TF_RAW,8467,4823179,thingsflow-alarms-durable,0,0,0
1785521788,TF_RAW,8467,4823179,thingsflow-questdb-durable,8467,0,0
1785521788,TF_ENTITY,300,88534,thingsflow-entity-greptimedb-durable,0,0,0
1785521788,TF_ALARMS,2992,896762,thingsflow-alarm-materializer,0,0,0
1785521793,TF_RAW,8722,4912359,thingsflow-greptimedb-durable,0,8,0
1785521793,TF_RAW,8722,4912359,thingsflow-latest-kv-durable,0,0,0
1785521793,TF_RAW,8722,4912359,thingsflow-alarms-durable,0,0,0
1785521793,TF_RAW,8722,4912359,thingsflow-questdb-durable,8722,0,0
1785521793,TF_ENTITY,300,88534,thingsflow-entity-greptimedb-durable,0,0,0
1785521793,TF_ALARMS,3004,900358,thingsflow-alarm-materializer,0,0,0
1785521793,KV_twin_state,270,48362,ZLB67XeG,0,0,0
1785521798,TF_RAW,8971,4998593,thingsflow-greptimedb-durable,0,8,0
1785521798,TF_RAW,8971,4998593,thingsflow-latest-kv-durable,0,0,0
1785521798,TF_RAW,8971,4998593,thingsflow-alarms-durable,0,0,0
1785521798,TF_RAW,8971,4998593,thingsflow-questdb-durable,8971,0,0
1785521798,TF_ENTITY,300,88534,thingsflow-entity-greptimedb-durable,0,0,0
1785521798,TF_ALARMS,3016,903952,thingsflow-alarm-materializer,0,0,0
1785521798,KV_twin_state,270,48361,ZLB67XeG,0,0,0
1785521803,TF_ALARMS,3028,907548,thingsflow-alarm-materializer,0,0,0
1785521803,KV_twin_state,270,48357,ZLB67XeG,0,0,0
1785521803,TF_RAW,9220,5083990,thingsflow-greptimedb-durable,0,8,0
1785521803,TF_RAW,9220,5083990,thingsflow-latest-kv-durable,0,0,0
1785521803,TF_RAW,9220,5083990,thingsflow-alarms-durable,0,0,0
1785521803,TF_RAW,9220,5083990,thingsflow-questdb-durable,9220,0,0
1785521803,TF_ENTITY,300,88534,thingsflow-entity-greptimedb-durable,0,0,0
1785521808,TF_ENTITY,300,88534,thingsflow-entity-greptimedb-durable,0,0,0
1785521808,TF_ALARMS,3040,911145,thingsflow-alarm-materializer,0,0,0
1785521808,KV_twin_state,270,48358,ZLB67XeG,0,0,0
1785521808,TF_RAW,9477,5176448,thingsflow-greptimedb-durable,0,12,0
1785521808,TF_RAW,9477,5176448,thingsflow-latest-kv-durable,0,0,0
1785521808,TF_RAW,9477,5176448,thingsflow-alarms-durable,0,0,0
1785521808,TF_RAW,9477,5176448,thingsflow-questdb-durable,9477,0,0
1785521813,TF_ENTITY,300,88534,thingsflow-entity-greptimedb-durable,0,0,0
1785521813,TF_ALARMS,3052,914741,thingsflow-alarm-materializer,0,0,0
1785521813,KV_twin_state,270,48358,ZLB67XeG,0,0,0
1785521813,TF_RAW,9725,5263235,thingsflow-greptimedb-durable,0,12,0
1785521813,TF_RAW,9725,5263235,thingsflow-latest-kv-durable,0,0,0
1785521813,TF_RAW,9725,5263235,thingsflow-alarms-durable,0,0,0
1785521813,TF_RAW,9725,5263235,thingsflow-questdb-durable,9725,0,0
1785521818,TF_RAW,9976,5351088,thingsflow-greptimedb-durable,0,16,0
1785521818,TF_RAW,9976,5351088,thingsflow-latest-kv-durable,0,0,0
1785521818,TF_RAW,9976,5351088,thingsflow-alarms-durable,0,0,0
1785521818,TF_RAW,9976,5351088,thingsflow-questdb-durable,9976,0,0
1785521818,TF_ENTITY,300,88534,thingsflow-entity-greptimedb-durable,0,0,0
1785521818,TF_ALARMS,3064,918338,thingsflow-alarm-materializer,0,0,0
1785521818,KV_twin_state,270,48358,ZLB67XeG,0,0,0
1785521823,TF_RAW,10222,5436317,thingsflow-greptimedb-durable,0,16,0
1785521823,TF_RAW,10222,5436317,thingsflow-latest-kv-durable,0,0,0
1785521823,TF_RAW,10222,5436317,thingsflow-alarms-durable,0,0,0
1785521823,TF_RAW,10222,5436317,thingsflow-questdb-durable,10222,0,0
1785521823,TF_ENTITY,300,88536,thingsflow-entity-greptimedb-durable,0,0,0
1785521823,TF_ALARMS,3076,921935,thingsflow-alarm-materializer,0,0,0
1785521823,KV_twin_state,270,48362,ZLB67XeG,0,0,0
1785521828,KV_twin_state,270,48362,ZLB67XeG,0,0,0
1785521828,TF_RAW,10470,5523100,thingsflow-greptimedb-durable,0,16,0
1785521828,TF_RAW,10470,5523100,thingsflow-latest-kv-durable,0,0,0
1785521828,TF_RAW,10470,5523100,thingsflow-alarms-durable,0,0,0
1785521828,TF_RAW,10470,5523100,thingsflow-questdb-durable,10470,0,0
1785521828,TF_ENTITY,300,88536,thingsflow-entity-greptimedb-durable,0,0,0
1785521828,TF_ALARMS,3088,925531,thingsflow-alarm-materializer,0,0,0
1785521833,TF_ENTITY,300,88536,thingsflow-entity-greptimedb-durable,0,0,0
1785521833,TF_ALARMS,3100,929126,thingsflow-alarm-materializer,0,0,0
1785521833,KV_twin_state,270,48362,ZLB67XeG,0,0,0
1785521833,TF_RAW,10718,5608228,thingsflow-greptimedb-durable,0,20,0
1785521833,TF_RAW,10718,5608228,thingsflow-latest-kv-durable,0,0,0
1785521833,TF_RAW,10718,5608228,thingsflow-alarms-durable,0,0,0
1785521833,TF_RAW,10718,5608228,thingsflow-questdb-durable,10718,0,0
1785521839,TF_ENTITY,300,88536,thingsflow-entity-greptimedb-durable,0,0,0
1785521839,TF_ALARMS,3112,932723,thingsflow-alarm-materializer,0,0,0
1785521839,KV_twin_state,270,48369,ZLB67XeG,0,0,0
1785521839,TF_RAW,10969,5698638,thingsflow-greptimedb-durable,0,20,0
1785521839,TF_RAW,10969,5698638,thingsflow-latest-kv-durable,0,0,0
1785521839,TF_RAW,10969,5698638,thingsflow-alarms-durable,0,0,0
1785521839,TF_RAW,10969,5698638,thingsflow-questdb-durable,10969,0,0
1785521844,TF_RAW,11225,5788202,thingsflow-greptimedb-durable,1,6,0
1785521844,TF_RAW,11225,5788202,thingsflow-latest-kv-durable,1,1,0
1785521844,TF_RAW,11225,5788202,thingsflow-alarms-durable,0,2,0
1785521844,TF_RAW,11225,5788202,thingsflow-questdb-durable,11225,0,0
1785521844,TF_ENTITY,300,88536,thingsflow-entity-greptimedb-durable,0,0,0
1785521844,TF_ALARMS,3124,936319,thingsflow-alarm-materializer,0,0,0
1785521844,KV_twin_state,270,48348,ZLB67XeG,0,0,0
1785521849,KV_twin_state,270,48364,ZLB67XeG,0,0,0
1785521849,TF_RAW,11476,5876015,thingsflow-greptimedb-durable,0,8,0
1785521849,TF_RAW,11476,5876015,thingsflow-latest-kv-durable,0,0,0
1785521849,TF_RAW,11476,5876015,thingsflow-alarms-durable,0,0,0
1785521849,TF_RAW,11476,5876015,thingsflow-questdb-durable,11476,0,0
1785521849,TF_ENTITY,300,88536,thingsflow-entity-greptimedb-durable,0,0,0
1785521849,TF_ALARMS,3136,939935,thingsflow-alarm-materializer,0,0,0
1785521854,TF_RAW,11727,5963803,thingsflow-greptimedb-durable,0,8,0
1785521854,TF_RAW,11727,5963803,thingsflow-latest-kv-durable,0,0,0
1785521854,TF_RAW,11727,5963803,thingsflow-alarms-durable,0,0,0
1785521854,TF_RAW,11727,5963803,thingsflow-questdb-durable,11727,0,0
1785521854,TF_ENTITY,300,88536,thingsflow-entity-greptimedb-durable,0,0,0
1785521854,TF_ALARMS,3148,943531,thingsflow-alarm-materializer,0,0,0
1785521854,KV_twin_state,270,48363,ZLB67XeG,0,0,0
1785521859,TF_ALARMS,3160,947127,thingsflow-alarm-materializer,0,0,0
1785521859,KV_twin_state,270,48362,ZLB67XeG,0,0,0
1785521859,TF_RAW,11984,6052832,thingsflow-greptimedb-durable,0,16,0
1785521859,TF_RAW,11984,6052832,thingsflow-latest-kv-durable,0,0,0
1785521859,TF_RAW,11984,6052832,thingsflow-alarms-durable,0,0,0
1785521859,TF_RAW,11984,6052832,thingsflow-questdb-durable,11984,0,0
1785521859,TF_ENTITY,300,88536,thingsflow-entity-greptimedb-durable,0,0,0
1785521864,KV_twin_state,270,48375,ZLB67XeG,0,0,0
1785521864,TF_RAW,12232,6137023,thingsflow-greptimedb-durable,0,13,0
1785521864,TF_RAW,12232,6137023,thingsflow-latest-kv-durable,0,0,0
1785521864,TF_RAW,12232,6137023,thingsflow-alarms-durable,0,0,0
1785521864,TF_RAW,12232,6137023,thingsflow-questdb-durable,12232,0,0
1785521864,TF_ENTITY,300,88536,thingsflow-entity-greptimedb-durable,0,0,0
1785521864,TF_ALARMS,3172,950723,thingsflow-alarm-materializer,0,0,0
1785521869,TF_RAW,12492,6231354,thingsflow-greptimedb-durable,0,20,0
1785521869,TF_RAW,12492,6231354,thingsflow-latest-kv-durable,0,0,0
1785521869,TF_RAW,12492,6231354,thingsflow-alarms-durable,0,0,0
1785521869,TF_RAW,12492,6231354,thingsflow-questdb-durable,12492,0,0
1785521869,TF_ENTITY,300,88536,thingsflow-entity-greptimedb-durable,0,0,0
1785521869,TF_ALARMS,3188,955518,thingsflow-alarm-materializer,0,0,0
1785521869,KV_twin_state,270,48370,ZLB67XeG,0,0,0
1785521874,TF_RAW,12743,6319136,thingsflow-greptimedb-durable,0,18,0
1785521874,TF_RAW,12743,6319136,thingsflow-latest-kv-durable,0,0,0
1785521874,TF_RAW,12743,6319136,thingsflow-alarms-durable,0,0,0
1785521874,TF_RAW,12743,6319136,thingsflow-questdb-durable,12743,0,0
1785521874,TF_ENTITY,300,88536,thingsflow-entity-greptimedb-durable,0,0,0
1785521874,TF_ALARMS,3200,959115,thingsflow-alarm-materializer,0,0,0
1785521874,KV_twin_state,270,48373,ZLB67XeG,0,0,0
1785521879,TF_RAW,12963,6396150,thingsflow-greptimedb-durable,0,20,0
1785521879,TF_RAW,12963,6396150,thingsflow-latest-kv-durable,0,0,0
1785521879,TF_RAW,12963,6396150,thingsflow-alarms-durable,0,0,0
1785521879,TF_RAW,12963,6396150,thingsflow-questdb-durable,12963,0,0
1785521879,TF_ENTITY,300,88536,thingsflow-entity-greptimedb-durable,0,0,0
1785521879,TF_ALARMS,3212,962711,thingsflow-alarm-materializer,0,0,0
1785521879,KV_twin_state,270,48370,ZLB67XeG,0,0,0
1785521884,TF_ALARMS,3224,966307,thingsflow-alarm-materializer,0,0,0
1785521884,KV_twin_state,270,48369,ZLB67XeG,0,0,0
1785521884,TF_RAW,13159,6463132,thingsflow-greptimedb-durable,0,22,0
1785521884,TF_RAW,13159,6463132,thingsflow-latest-kv-durable,0,0,0
1785521884,TF_RAW,13159,6463132,thingsflow-alarms-durable,0,0,0
1785521884,TF_RAW,13159,6463132,thingsflow-questdb-durable,13159,0,0
1785521884,TF_ENTITY,300,88539,thingsflow-entity-greptimedb-durable,0,0,0
1785521889,TF_RAW,13357,6532422,thingsflow-greptimedb-durable,0,22,0
1785521889,TF_RAW,13357,6532422,thingsflow-latest-kv-durable,0,0,0
1785521889,TF_RAW,13357,6532422,thingsflow-alarms-durable,0,0,0
1785521889,TF_RAW,13357,6532422,thingsflow-questdb-durable,13357,0,0
1785521889,TF_ENTITY,300,88539,thingsflow-entity-greptimedb-durable,0,0,0
1785521889,TF_ALARMS,3236,969902,thingsflow-alarm-materializer,0,0,0
1785521889,KV_twin_state,270,48365,ZLB67XeG,0,0,0
1785521894,TF_ALARMS,3248,973499,thingsflow-alarm-materializer,0,0,0
1785521894,KV_twin_state,270,48368,ZLB67XeG,0,0,0
1785521894,TF_RAW,13558,6602786,thingsflow-greptimedb-durable,0,26,0
1785521894,TF_RAW,13558,6602786,thingsflow-latest-kv-durable,0,0,0
1785521894,TF_RAW,13558,6602786,thingsflow-alarms-durable,0,0,0
1785521894,TF_RAW,13558,6602786,thingsflow-questdb-durable,13558,0,0
1785521894,TF_ENTITY,300,88539,thingsflow-entity-greptimedb-durable,0,0,0
1785521899,TF_RAW,13755,6671764,thingsflow-greptimedb-durable,0,26,0
1785521899,TF_RAW,13755,6671764,thingsflow-latest-kv-durable,0,0,0
1785521899,TF_RAW,13755,6671764,thingsflow-alarms-durable,0,0,0
1785521899,TF_RAW,13755,6671764,thingsflow-questdb-durable,13755,0,0
1785521899,TF_ENTITY,300,88539,thingsflow-entity-greptimedb-durable,0,0,0
1785521899,TF_ALARMS,3260,977116,thingsflow-alarm-materializer,0,0,0
1785521899,KV_twin_state,270,48365,ZLB67XeG,0,0,0
1785521904,TF_ENTITY,300,88539,thingsflow-entity-greptimedb-durable,0,0,0
1785521904,TF_ALARMS,3272,980712,thingsflow-alarm-materializer,0,0,0
1785521904,KV_twin_state,270,48373,ZLB67XeG,0,0,0
1785521904,TF_RAW,13956,6742129,thingsflow-greptimedb-durable,0,30,0
1785521904,TF_RAW,13956,6742129,thingsflow-latest-kv-durable,0,0,0
1785521904,TF_RAW,13956,6742129,thingsflow-alarms-durable,0,0,0
1785521904,TF_RAW,13956,6742129,thingsflow-questdb-durable,13956,0,0
1785521909,TF_ALARMS,3284,984306,thingsflow-alarm-materializer,0,0,0
1785521909,KV_twin_state,270,48372,ZLB67XeG,0,0,0
1785521909,TF_RAW,14187,6824663,thingsflow-greptimedb-durable,0,30,0
1785521909,TF_RAW,14187,6824663,thingsflow-latest-kv-durable,0,0,0
1785521909,TF_RAW,14187,6824663,thingsflow-alarms-durable,0,0,0
1785521909,TF_RAW,14187,6824663,thingsflow-questdb-durable,14187,0,0
1785521909,TF_ENTITY,300,88539,thingsflow-entity-greptimedb-durable,0,0,0
1785521914,TF_ENTITY,300,88539,thingsflow-entity-greptimedb-durable,0,0,0
1785521914,TF_ALARMS,3296,987903,thingsflow-alarm-materializer,0,0,0
1785521914,KV_twin_state,270,48370,ZLB67XeG,0,0,0
1785521914,TF_RAW,14203,6830255,thingsflow-greptimedb-durable,0,0,0
1785521914,TF_RAW,14203,6830255,thingsflow-latest-kv-durable,0,0,0
1785521914,TF_RAW,14203,6830255,thingsflow-alarms-durable,0,0,0
1785521914,TF_RAW,14203,6830255,thingsflow-questdb-durable,14203,0,0
1785521919,TF_RAW,14203,6830254,thingsflow-greptimedb-durable,0,0,0
1785521919,TF_RAW,14203,6830254,thingsflow-latest-kv-durable,0,0,0
1785521919,TF_RAW,14203,6830254,thingsflow-alarms-durable,0,0,0
1785521919,TF_RAW,14203,6830254,thingsflow-questdb-durable,14203,0,0
1785521919,TF_ENTITY,300,88539,thingsflow-entity-greptimedb-durable,0,0,0
1785521919,TF_ALARMS,3308,991499,thingsflow-alarm-materializer,0,0,0
1785521919,KV_twin_state,270,48378,ZLB67XeG,0,0,0
1785521924,KV_twin_state,270,48378,ZLB67XeG,0,0,0
1785521924,TF_RAW,14202,6829068,thingsflow-greptimedb-durable,0,0,0
1785521924,TF_RAW,14202,6829068,thingsflow-latest-kv-durable,0,0,0
1785521924,TF_RAW,14202,6829068,thingsflow-alarms-durable,0,0,0
1785521924,TF_RAW,14202,6829068,thingsflow-questdb-durable,14202,0,0
1785521924,TF_ENTITY,300,88539,thingsflow-entity-greptimedb-durable,0,0,0
1785521924,TF_ALARMS,3320,995093,thingsflow-alarm-materializer,0,0,0
1785521929,TF_RAW,14201,6827861,thingsflow-greptimedb-durable,0,0,0
1785521929,TF_RAW,14201,6827861,thingsflow-latest-kv-durable,0,0,0
1785521929,TF_RAW,14201,6827861,thingsflow-alarms-durable,0,0,0
1785521929,TF_RAW,14201,6827861,thingsflow-questdb-durable,14201,0,0
1785521929,TF_ENTITY,300,88539,thingsflow-entity-greptimedb-durable,0,0,0
1785521929,TF_ALARMS,3332,998689,thingsflow-alarm-materializer,0,0,0
1785521929,KV_twin_state,270,48381,ZLB67XeG,0,0,0
1785521934,TF_ALARMS,3344,1002286,thingsflow-alarm-materializer,0,0,0
1785521934,KV_twin_state,270,48377,ZLB67XeG,0,0,0
1785521934,TF_RAW,14201,6827862,thingsflow-greptimedb-durable,0,0,0
1785521934,TF_RAW,14201,6827862,thingsflow-latest-kv-durable,0,0,0
1785521934,TF_RAW,14201,6827862,thingsflow-alarms-durable,0,0,0
1785521934,TF_RAW,14201,6827862,thingsflow-questdb-durable,14201,0,0
1785521934,TF_ENTITY,300,88539,thingsflow-entity-greptimedb-durable,0,0,0
1785521939,TF_RAW,14203,6830260,thingsflow-greptimedb-durable,0,0,0
1785521939,TF_RAW,14203,6830260,thingsflow-latest-kv-durable,0,0,0
1785521939,TF_RAW,14203,6830260,thingsflow-alarms-durable,0,0,0
1785521939,TF_RAW,14203,6830260,thingsflow-questdb-durable,14203,0,0
1785521939,TF_ENTITY,300,88539,thingsflow-entity-greptimedb-durable,0,0,0
1785521939,TF_ALARMS,3356,1005882,thingsflow-alarm-materializer,0,0,0
1785521939,KV_twin_state,270,48376,ZLB67XeG,0,0,0
1785521944,TF_RAW,14203,6830264,thingsflow-greptimedb-durable,0,0,0
1785521944,TF_RAW,14203,6830264,thingsflow-latest-kv-durable,0,0,0
1785521944,TF_RAW,14203,6830264,thingsflow-alarms-durable,0,0,0
1785521944,TF_RAW,14203,6830264,thingsflow-questdb-durable,14203,0,0
1785521944,TF_ENTITY,300,88542,thingsflow-entity-greptimedb-durable,0,0,0
1785521944,TF_ALARMS,3368,1009477,thingsflow-alarm-materializer,0,0,0
1785521944,KV_twin_state,270,48372,ZLB67XeG,0,0,0
1785521949,TF_RAW,14203,6830264,thingsflow-greptimedb-durable,0,0,0
1785521949,TF_RAW,14203,6830264,thingsflow-latest-kv-durable,0,0,0
1785521949,TF_RAW,14203,6830264,thingsflow-alarms-durable,0,0,0
1785521949,TF_RAW,14203,6830264,thingsflow-questdb-durable,14203,0,0
1785521949,TF_ENTITY,300,88542,thingsflow-entity-greptimedb-durable,0,0,0
1785521949,TF_ALARMS,3380,1013073,thingsflow-alarm-materializer,0,0,0
1785521949,KV_twin_state,270,48377,ZLB67XeG,0,0,0
1785521954,TF_RAW,14201,6827865,thingsflow-greptimedb-durable,0,0,0
1785521954,TF_RAW,14201,6827865,thingsflow-latest-kv-durable,0,0,0
1785521954,TF_RAW,14201,6827865,thingsflow-alarms-durable,0,0,0
1785521954,TF_RAW,14201,6827865,thingsflow-questdb-durable,14201,0,0
1785521954,TF_ENTITY,300,88542,thingsflow-entity-greptimedb-durable,0,0,0
1785521954,TF_ALARMS,3392,1016670,thingsflow-alarm-materializer,0,0,0
1785521954,KV_twin_state,270,48382,ZLB67XeG,0,0,0
1785521959,TF_ALARMS,3404,1020266,thingsflow-alarm-materializer,0,0,0
1785521959,KV_twin_state,270,48381,ZLB67XeG,0,0,0
1785521959,TF_RAW,14201,6827873,thingsflow-greptimedb-durable,0,0,0
1785521959,TF_RAW,14201,6827873,thingsflow-latest-kv-durable,0,0,0
1785521959,TF_RAW,14201,6827873,thingsflow-alarms-durable,0,0,0
1785521959,TF_RAW,14201,6827873,thingsflow-questdb-durable,14201,0,0
1785521959,TF_ENTITY,300,88542,thingsflow-entity-greptimedb-durable,0,0,0
1785521965,TF_RAW,14203,6830282,thingsflow-greptimedb-durable,0,0,0
1785521965,TF_RAW,14203,6830282,thingsflow-latest-kv-durable,0,0,0
1785521965,TF_RAW,14203,6830282,thingsflow-alarms-durable,0,0,0
1785521965,TF_RAW,14203,6830282,thingsflow-questdb-durable,14203,0,0
1785521965,TF_ENTITY,300,88542,thingsflow-entity-greptimedb-durable,0,0,0
1785521965,TF_ALARMS,3416,1023863,thingsflow-alarm-materializer,0,0,0
1785521965,KV_twin_state,270,48379,ZLB67XeG,0,0,0
1785521970,TF_RAW,14203,6830288,thingsflow-greptimedb-durable,0,0,0
1785521970,TF_RAW,14203,6830288,thingsflow-latest-kv-durable,0,0,0
1785521970,TF_RAW,14203,6830288,thingsflow-alarms-durable,0,0,0
1785521970,TF_RAW,14203,6830288,thingsflow-questdb-durable,14203,0,0
1785521970,TF_ENTITY,300,88542,thingsflow-entity-greptimedb-durable,0,0,0
1785521970,TF_ALARMS,3428,1027460,thingsflow-alarm-materializer,0,0,0
1785521970,KV_twin_state,270,48372,ZLB67XeG,0,0,0
1785521975,TF_ENTITY,300,88542,thingsflow-entity-greptimedb-durable,0,0,0
1785521975,TF_ALARMS,3440,1031054,thingsflow-alarm-materializer,0,0,0
1785521975,KV_twin_state,270,48376,ZLB67XeG,0,0,0
1785521975,TF_RAW,14203,6830300,thingsflow-greptimedb-durable,0,0,0
1785521975,TF_RAW,14203,6830300,thingsflow-latest-kv-durable,0,0,0
1785521975,TF_RAW,14203,6830300,thingsflow-alarms-durable,0,0,0
1785521975,TF_RAW,14203,6830300,thingsflow-questdb-durable,14203,0,0
1785521980,KV_twin_state,270,48382,ZLB67XeG,0,0,0
1785521980,TF_RAW,14202,6829979,thingsflow-greptimedb-durable,0,0,0
1785521980,TF_RAW,14202,6829979,thingsflow-latest-kv-durable,0,0,0
1785521980,TF_RAW,14202,6829979,thingsflow-alarms-durable,0,0,0
1785521980,TF_RAW,14202,6829979,thingsflow-questdb-durable,14202,0,0
1785521980,TF_ENTITY,300,88542,thingsflow-entity-greptimedb-durable,0,0,0
1785521980,TF_ALARMS,3452,1034650,thingsflow-alarm-materializer,0,0,0
1785521985,TF_RAW,14200,6827581,thingsflow-greptimedb-durable,0,0,0
1785521985,TF_RAW,14200,6827581,thingsflow-latest-kv-durable,0,0,0
1785521985,TF_RAW,14200,6827581,thingsflow-alarms-durable,0,0,0
1785521985,TF_RAW,14200,6827581,thingsflow-questdb-durable,14200,0,0
1785521985,TF_ENTITY,300,88542,thingsflow-entity-greptimedb-durable,0,0,0
1785521985,TF_ALARMS,3464,1038246,thingsflow-alarm-materializer,0,0,0
1785521985,KV_twin_state,270,48384,ZLB67XeG,0,0,0
1785521990,TF_RAW,14198,6826041,thingsflow-greptimedb-durable,0,0,0
1785521990,TF_RAW,14198,6826041,thingsflow-latest-kv-durable,0,0,0
1785521990,TF_RAW,14198,6826041,thingsflow-alarms-durable,0,0,0
1785521990,TF_RAW,14198,6826041,thingsflow-questdb-durable,14198,0,0
1785521990,TF_ENTITY,300,88542,thingsflow-entity-greptimedb-durable,0,0,0
1785521990,TF_ALARMS,3476,1041841,thingsflow-alarm-materializer,0,0,0
1785521990,KV_twin_state,270,48376,ZLB67XeG,0,0,0
1785521995,TF_RAW,14199,6827295,thingsflow-greptimedb-durable,0,1,0
1785521995,TF_RAW,14199,6827295,thingsflow-latest-kv-durable,0,0,0
1785521995,TF_RAW,14199,6827295,thingsflow-alarms-durable,0,0,0
1785521995,TF_RAW,14199,6827295,thingsflow-questdb-durable,14199,0,0
1785521995,TF_ENTITY,300,88542,thingsflow-entity-greptimedb-durable,0,0,0
1785521995,TF_ALARMS,3489,1045708,thingsflow-alarm-materializer,0,0,0
1785521995,KV_twin_state,270,48380,ZLB67XeG,0,0,0
1785522000,TF_RAW,14200,6829372,thingsflow-greptimedb-durable,0,3,0
1785522000,TF_RAW,14200,6829372,thingsflow-latest-kv-durable,0,0,0
1785522000,TF_RAW,14200,6829372,thingsflow-alarms-durable,0,0,0
1785522000,TF_RAW,14200,6829372,thingsflow-questdb-durable,14200,0,0
1785522000,TF_ENTITY,300,88543,thingsflow-entity-greptimedb-durable,0,0,0
1785522000,TF_ALARMS,3502,1049631,thingsflow-alarm-materializer,0,0,0
1785522000,KV_twin_state,270,48377,ZLB67XeG,0,0,0
1785522005,TF_ALARMS,3514,1053227,thingsflow-alarm-materializer,0,0,0
1785522005,KV_twin_state,270,48372,ZLB67XeG,0,0,0
1785522005,TF_RAW,14200,6829373,thingsflow-greptimedb-durable,0,3,0
1785522005,TF_RAW,14200,6829373,thingsflow-latest-kv-durable,0,0,0
1785522005,TF_RAW,14200,6829373,thingsflow-alarms-durable,0,0,0
1785522005,TF_RAW,14200,6829373,thingsflow-questdb-durable,14200,0,0
1785522005,TF_ENTITY,300,88543,thingsflow-entity-greptimedb-durable,0,0,0
1785522010,TF_RAW,14199,6829041,thingsflow-greptimedb-durable,0,3,0
1785522010,TF_RAW,14199,6829041,thingsflow-latest-kv-durable,0,0,0
1785522010,TF_RAW,14199,6829041,thingsflow-alarms-durable,0,0,0
1785522010,TF_RAW,14199,6829041,thingsflow-questdb-durable,14199,0,0
1785522010,TF_ENTITY,300,88543,thingsflow-entity-greptimedb-durable,0,0,0
1785522010,TF_ALARMS,3526,1056823,thingsflow-alarm-materializer,0,0,0
1785522010,KV_twin_state,270,48376,ZLB67XeG,0,0,0
1785522015,TF_ENTITY,300,88543,thingsflow-entity-greptimedb-durable,0,0,0
1785522015,TF_ALARMS,3538,1060420,thingsflow-alarm-materializer,0,0,0
1785522015,KV_twin_state,270,48372,ZLB67XeG,0,0,0
1785522015,TF_RAW,14198,6828708,thingsflow-greptimedb-durable,0,3,0
1785522015,TF_RAW,14198,6828708,thingsflow-latest-kv-durable,0,0,0
1785522015,TF_RAW,14198,6828708,thingsflow-alarms-durable,0,0,0
1785522015,TF_RAW,14198,6828708,thingsflow-questdb-durable,14198,0,0
1785522020,TF_ALARMS,3550,1064016,thingsflow-alarm-materializer,0,0,0
1785522020,KV_twin_state,270,48377,ZLB67XeG,0,0,0
1785522020,TF_RAW,14198,6828713,thingsflow-greptimedb-durable,0,3,0
1785522020,TF_RAW,14198,6828713,thingsflow-latest-kv-durable,0,0,0
1785522020,TF_RAW,14198,6828713,thingsflow-alarms-durable,0,0,0
1785522020,TF_RAW,14198,6828713,thingsflow-questdb-durable,14198,0,0
1785522020,TF_ENTITY,300,88543,thingsflow-entity-greptimedb-durable,0,0,0
1785522025,TF_RAW,15108,7147953,thingsflow-greptimedb-durable,0,65,0
1785522025,TF_RAW,15108,7147953,thingsflow-latest-kv-durable,0,0,0
1785522025,TF_RAW,15108,7147953,thingsflow-alarms-durable,0,0,0
1785522025,TF_RAW,15108,7147953,thingsflow-questdb-durable,15108,0,0
1785522025,TF_ENTITY,300,88543,thingsflow-entity-greptimedb-durable,0,0,0
1785522025,TF_ALARMS,3562,1067611,thingsflow-alarm-materializer,0,0,0
1785522025,KV_twin_state,770,137447,ZLB67XeG,0,0,0
1785522030,TF_RAW,16125,7504853,thingsflow-greptimedb-durable,0,82,0
1785522030,TF_RAW,16125,7504853,thingsflow-latest-kv-durable,0,2,0
1785522030,TF_RAW,16125,7504853,thingsflow-alarms-durable,0,0,0
1785522030,TF_RAW,16125,7504853,thingsflow-questdb-durable,16125,0,0
1785522030,TF_ENTITY,300,88543,thingsflow-entity-greptimedb-durable,0,0,0
1785522030,TF_ALARMS,3574,1071206,thingsflow-alarm-materializer,0,0,0
1785522030,KV_twin_state,770,137553,ZLB67XeG,0,0,0
1785522035,TF_ENTITY,300,88543,thingsflow-entity-greptimedb-durable,0,0,0
1785522035,TF_ALARMS,3586,1074803,thingsflow-alarm-materializer,0,0,0
1785522035,KV_twin_state,770,137634,ZLB67XeG,0,0,0
1785522035,TF_RAW,17126,7857022,thingsflow-greptimedb-durable,0,83,0
1785522035,TF_RAW,17126,7857022,thingsflow-latest-kv-durable,0,0,0
1785522035,TF_RAW,17126,7857022,thingsflow-alarms-durable,0,0,0
1785522035,TF_RAW,17126,7857022,thingsflow-questdb-durable,17126,0,0
1785522040,TF_ENTITY,300,88543,thingsflow-entity-greptimedb-durable,0,0,0
1785522040,TF_ALARMS,3598,1078399,thingsflow-alarm-materializer,0,0,0
1785522040,KV_twin_state,770,137633,ZLB67XeG,0,0,0
1785522040,TF_RAW,18132,8210923,thingsflow-greptimedb-durable,0,88,0
1785522040,TF_RAW,18132,8210923,thingsflow-latest-kv-durable,0,1,0
1785522040,TF_RAW,18132,8210923,thingsflow-alarms-durable,0,0,0
1785522040,TF_RAW,18132,8210923,thingsflow-questdb-durable,18132,0,0
1785522045,TF_ENTITY,300,88543,thingsflow-entity-greptimedb-durable,0,0,0
1785522045,TF_ALARMS,3610,1081993,thingsflow-alarm-materializer,0,0,0
1785522045,KV_twin_state,770,137637,ZLB67XeG,0,0,0
1785522045,TF_RAW,19144,8566939,thingsflow-greptimedb-durable,0,96,0
1785522045,TF_RAW,19144,8566939,thingsflow-latest-kv-durable,0,0,0
1785522045,TF_RAW,19144,8566939,thingsflow-alarms-durable,0,0,0
1785522045,TF_RAW,19144,8566939,thingsflow-questdb-durable,19144,0,0
1785522050,TF_RAW,20144,8918773,thingsflow-greptimedb-durable,0,101,0
1785522050,TF_RAW,20144,8918773,thingsflow-latest-kv-durable,0,0,0
1785522050,TF_RAW,20144,8918773,thingsflow-alarms-durable,0,0,0
1785522050,TF_RAW,20144,8918773,thingsflow-questdb-durable,20144,0,0
1785522050,TF_ENTITY,300,88543,thingsflow-entity-greptimedb-durable,0,0,0
1785522050,TF_ALARMS,3622,1085588,thingsflow-alarm-materializer,0,0,0
1785522050,KV_twin_state,770,137654,ZLB67XeG,0,0,0
1785522055,TF_RAW,21161,9276557,thingsflow-greptimedb-durable,0,0,0
1785522055,TF_RAW,21161,9276557,thingsflow-latest-kv-durable,0,0,0
1785522055,TF_RAW,21161,9276557,thingsflow-alarms-durable,0,0,0
1785522055,TF_RAW,21161,9276557,thingsflow-questdb-durable,21161,0,0
1785522055,TF_ENTITY,300,88543,thingsflow-entity-greptimedb-durable,0,0,0
1785522055,TF_ALARMS,3634,1089181,thingsflow-alarm-materializer,0,0,0
1785522055,KV_twin_state,770,137621,ZLB67XeG,0,0,0
1785522060,KV_twin_state,770,137646,ZLB67XeG,0,0,0
1785522060,TF_RAW,22161,9628364,thingsflow-greptimedb-durable,0,0,0
1785522060,TF_RAW,22161,9628364,thingsflow-latest-kv-durable,0,0,0
1785522060,TF_RAW,22161,9628364,thingsflow-alarms-durable,0,0,0
1785522060,TF_RAW,22161,9628364,thingsflow-questdb-durable,22161,0,0
1785522060,TF_ENTITY,300,88544,thingsflow-entity-greptimedb-durable,0,0,0
1785522060,TF_ALARMS,3646,1092777,thingsflow-alarm-materializer,0,0,0
1785522065,TF_ENTITY,300,88544,thingsflow-entity-greptimedb-durable,0,0,0
1785522065,TF_ALARMS,3658,1096372,thingsflow-alarm-materializer,0,0,0
1785522065,KV_twin_state,770,137619,ZLB67XeG,0,0,0
1785522065,TF_RAW,23161,9980173,thingsflow-greptimedb-durable,0,0,0
1785522065,TF_RAW,23161,9980173,thingsflow-latest-kv-durable,0,0,0
1785522065,TF_RAW,23161,9980173,thingsflow-alarms-durable,0,0,0
1785522065,TF_RAW,23161,9980173,thingsflow-questdb-durable,23161,0,0
1785522070,KV_twin_state,770,137653,ZLB67XeG,0,0,0
1785522070,TF_RAW,24179,10338337,thingsflow-greptimedb-durable,0,18,0
1785522070,TF_RAW,24179,10338337,thingsflow-latest-kv-durable,0,0,0
1785522070,TF_RAW,24179,10338337,thingsflow-alarms-durable,0,0,0
1785522070,TF_RAW,24179,10338337,thingsflow-questdb-durable,24179,0,0
1785522070,TF_ENTITY,300,88544,thingsflow-entity-greptimedb-durable,0,0,0
1785522070,TF_ALARMS,3670,1099969,thingsflow-alarm-materializer,0,0,0
1785522075,TF_RAW,25179,10690152,thingsflow-greptimedb-durable,0,18,0
1785522075,TF_RAW,25179,10690152,thingsflow-latest-kv-durable,0,0,0
1785522075,TF_RAW,25179,10690152,thingsflow-alarms-durable,0,0,0
1785522075,TF_RAW,25179,10690152,thingsflow-questdb-durable,25179,0,0
1785522075,TF_ENTITY,300,88544,thingsflow-entity-greptimedb-durable,0,0,0
1785522075,TF_ALARMS,3682,1103564,thingsflow-alarm-materializer,0,0,0
1785522075,KV_twin_state,770,137640,ZLB67XeG,0,0,0
1785522080,TF_RAW,26194,11047271,thingsflow-greptimedb-durable,0,34,0
1785522080,TF_RAW,26194,11047271,thingsflow-latest-kv-durable,0,0,0
1785522080,TF_RAW,26194,11047271,thingsflow-alarms-durable,0,0,0
1785522080,TF_RAW,26194,11047271,thingsflow-questdb-durable,26194,0,0
1785522080,TF_ENTITY,300,88544,thingsflow-entity-greptimedb-durable,0,0,0
1785522080,TF_ALARMS,3694,1107160,thingsflow-alarm-materializer,0,0,0
1785522080,KV_twin_state,770,137626,ZLB67XeG,0,0,0
1785522085,TF_RAW,27197,11400131,thingsflow-greptimedb-durable,0,36,0
1785522085,TF_RAW,27197,11400131,thingsflow-latest-kv-durable,0,0,0
1785522085,TF_RAW,27197,11400131,thingsflow-alarms-durable,0,0,0
1785522085,TF_RAW,27197,11400131,thingsflow-questdb-durable,27197,0,0
1785522085,TF_ENTITY,300,88544,thingsflow-entity-greptimedb-durable,0,0,0
1785522085,TF_ALARMS,3706,1110755,thingsflow-alarm-materializer,0,0,0
1785522085,KV_twin_state,770,137628,ZLB67XeG,0,0,0
1785522091,TF_ALARMS,3718,1114352,thingsflow-alarm-materializer,0,0,0
1785522091,KV_twin_state,770,137622,ZLB67XeG,0,0,0
1785522091,TF_RAW,28196,11751598,thingsflow-greptimedb-durable,0,36,0
1785522091,TF_RAW,28196,11751598,thingsflow-latest-kv-durable,0,0,0
1785522091,TF_RAW,28196,11751598,thingsflow-alarms-durable,0,0,0
1785522091,TF_RAW,28196,11751598,thingsflow-questdb-durable,28196,0,0
1785522091,TF_ENTITY,300,88544,thingsflow-entity-greptimedb-durable,0,0,0
1785522096,KV_twin_state,770,137635,ZLB67XeG,0,0,0
1785522096,TF_RAW,29220,12111801,thingsflow-greptimedb-durable,1,58,0
1785522096,TF_RAW,29220,12111801,thingsflow-latest-kv-durable,1,13,0
1785522096,TF_RAW,29220,12111801,thingsflow-alarms-durable,0,2,0
1785522096,TF_RAW,29220,12111801,thingsflow-questdb-durable,29220,0,0
1785522096,TF_ENTITY,300,88544,thingsflow-entity-greptimedb-durable,0,0,0
1785522096,TF_ALARMS,3730,1117942,thingsflow-alarm-materializer,0,0,0
1785522101,TF_RAW,30220,12463630,thingsflow-greptimedb-durable,0,60,0
1785522101,TF_RAW,30220,12463630,thingsflow-latest-kv-durable,0,0,0
1785522101,TF_RAW,30220,12463630,thingsflow-alarms-durable,0,0,0
1785522101,TF_RAW,30220,12463630,thingsflow-questdb-durable,30220,0,0
1785522101,TF_ENTITY,300,88544,thingsflow-entity-greptimedb-durable,0,0,0
1785522101,TF_ALARMS,3742,1121539,thingsflow-alarm-materializer,0,0,0
1785522101,KV_twin_state,770,137634,ZLB67XeG,0,0,0
1785522106,TF_RAW,31226,12817535,thingsflow-greptimedb-durable,1,65,0
1785522106,TF_RAW,31226,12817535,thingsflow-latest-kv-durable,1,1,0
1785522106,TF_RAW,31226,12817535,thingsflow-alarms-durable,0,2,0
1785522106,TF_RAW,31226,12817535,thingsflow-questdb-durable,31226,0,0
1785522106,TF_ENTITY,300,88544,thingsflow-entity-greptimedb-durable,0,0,0
1785522106,TF_ALARMS,3754,1125133,thingsflow-alarm-materializer,0,0,0
1785522106,KV_twin_state,770,137618,ZLB67XeG,0,0,0
1785522111,TF_RAW,32241,13172027,thingsflow-greptimedb-durable,0,84,0
1785522111,TF_RAW,32241,13172027,thingsflow-latest-kv-durable,0,0,0
1785522111,TF_RAW,32241,13172027,thingsflow-alarms-durable,0,0,0
1785522111,TF_RAW,32241,13172027,thingsflow-questdb-durable,32241,0,0
1785522111,TF_ENTITY,300,88544,thingsflow-entity-greptimedb-durable,0,0,0
1785522111,TF_ALARMS,3766,1128730,thingsflow-alarm-materializer,0,0,0
1785522111,KV_twin_state,770,137630,ZLB67XeG,0,0,0
1785522116,TF_RAW,33240,13523518,thingsflow-greptimedb-durable,0,84,0
1785522116,TF_RAW,33240,13523518,thingsflow-latest-kv-durable,0,0,0
1785522116,TF_RAW,33240,13523518,thingsflow-alarms-durable,0,0,0
1785522116,TF_RAW,33240,13523518,thingsflow-questdb-durable,33240,0,0
1785522116,TF_ENTITY,300,88544,thingsflow-entity-greptimedb-durable,0,0,0
1785522116,TF_ALARMS,3778,1132327,thingsflow-alarm-materializer,0,0,0
1785522116,KV_twin_state,770,137629,ZLB67XeG,0,0,0
1785522121,TF_ENTITY,300,88545,thingsflow-entity-greptimedb-durable,0,0,0
1785522121,TF_ALARMS,3790,1135924,thingsflow-alarm-materializer,0,0,0
1785522121,KV_twin_state,770,137841,ZLB67XeG,0,0,0
1785522121,TF_RAW,34241,13875898,thingsflow-greptimedb-durable,0,84,0
1785522121,TF_RAW,34241,13875898,thingsflow-latest-kv-durable,0,0,0
1785522121,TF_RAW,34241,13875898,thingsflow-alarms-durable,0,0,0
1785522121,TF_RAW,34241,13875898,thingsflow-questdb-durable,34241,0,0
1785522126,TF_RAW,35268,14241708,thingsflow-greptimedb-durable,0,110,0
1785522126,TF_RAW,35268,14241708,thingsflow-latest-kv-durable,0,0,0
1785522126,TF_RAW,35268,14241708,thingsflow-alarms-durable,0,0,0
1785522126,TF_RAW,35268,14241708,thingsflow-questdb-durable,35268,0,0
1785522126,TF_ENTITY,300,88545,thingsflow-entity-greptimedb-durable,0,0,0
1785522126,TF_ALARMS,3805,1140431,thingsflow-alarm-materializer,0,0,0
1785522126,KV_twin_state,770,137836,ZLB67XeG,0,0,0
1785522131,TF_RAW,36262,14592390,thingsflow-greptimedb-durable,0,103,0
1785522131,TF_RAW,36262,14592390,thingsflow-latest-kv-durable,0,0,0
1785522131,TF_RAW,36262,14592390,thingsflow-alarms-durable,0,0,0
1785522131,TF_RAW,36262,14592390,thingsflow-questdb-durable,36262,0,0
1785522131,TF_ENTITY,300,88545,thingsflow-entity-greptimedb-durable,0,0,0
1785522131,TF_ALARMS,3817,1144025,thingsflow-alarm-materializer,0,0,0
1785522131,KV_twin_state,770,137838,ZLB67XeG,0,0,0
1785522136,KV_twin_state,770,137825,ZLB67XeG,0,0,0
1785522136,TF_RAW,37288,14954383,thingsflow-greptimedb-durable,0,3,0
1785522136,TF_RAW,37288,14954383,thingsflow-latest-kv-durable,0,0,0
1785522136,TF_RAW,37288,14954383,thingsflow-alarms-durable,0,0,0
1785522136,TF_RAW,37288,14954383,thingsflow-questdb-durable,37288,0,0
1785522136,TF_ENTITY,300,88545,thingsflow-entity-greptimedb-durable,0,0,0
1785522136,TF_ALARMS,3829,1147621,thingsflow-alarm-materializer,0,0,0
1785522141,TF_RAW,38286,15306487,thingsflow-greptimedb-durable,0,0,0
1785522141,TF_RAW,38286,15306487,thingsflow-latest-kv-durable,0,0,0
1785522141,TF_RAW,38286,15306487,thingsflow-alarms-durable,0,0,0
1785522141,TF_RAW,38286,15306487,thingsflow-questdb-durable,38286,0,0
1785522141,TF_ENTITY,300,88545,thingsflow-entity-greptimedb-durable,0,0,0
1785522141,TF_ALARMS,3841,1151213,thingsflow-alarm-materializer,0,0,0
1785522141,KV_twin_state,770,137828,ZLB67XeG,0,0,0
1785522146,TF_RAW,39289,15660372,thingsflow-greptimedb-durable,0,1,0
1785522146,TF_RAW,39289,15660372,thingsflow-latest-kv-durable,0,0,0
1785522146,TF_RAW,39289,15660372,thingsflow-alarms-durable,0,0,0
1785522146,TF_RAW,39289,15660372,thingsflow-questdb-durable,39289,0,0
1785522146,TF_ENTITY,300,88545,thingsflow-entity-greptimedb-durable,0,0,0
1785522146,TF_ALARMS,3853,1154808,thingsflow-alarm-materializer,0,0,0
1785522146,KV_twin_state,770,137838,ZLB67XeG,0,0,0
1785522151,TF_ENTITY,300,88545,thingsflow-entity-greptimedb-durable,0,0,0
1785522151,TF_ALARMS,3865,1158404,thingsflow-alarm-materializer,0,0,0
1785522151,KV_twin_state,770,137826,ZLB67XeG,0,0,0
1785522151,TF_RAW,40305,16018832,thingsflow-greptimedb-durable,0,18,0
1785522151,TF_RAW,40305,16018832,thingsflow-latest-kv-durable,0,0,0
1785522151,TF_RAW,40305,16018832,thingsflow-alarms-durable,0,0,0
1785522151,TF_RAW,40305,16018832,thingsflow-questdb-durable,40305,0,0
1785522156,TF_RAW,41306,16371942,thingsflow-greptimedb-durable,0,19,0
1785522156,TF_RAW,41306,16371942,thingsflow-latest-kv-durable,0,0,0
1785522156,TF_RAW,41306,16371942,thingsflow-alarms-durable,0,0,0
1785522156,TF_RAW,41306,16371942,thingsflow-questdb-durable,41306,0,0
1785522156,TF_ENTITY,300,88545,thingsflow-entity-greptimedb-durable,0,0,0
1785522156,TF_ALARMS,3877,1161999,thingsflow-alarm-materializer,0,0,0
1785522156,KV_twin_state,770,137831,ZLB67XeG,0,0,0
1785522161,TF_RAW,42324,16731090,thingsflow-greptimedb-durable,0,36,0
1785522161,TF_RAW,42324,16731090,thingsflow-latest-kv-durable,0,0,0
1785522161,TF_RAW,42324,16731090,thingsflow-alarms-durable,0,0,0
1785522161,TF_RAW,42324,16731090,thingsflow-questdb-durable,42324,0,0
1785522161,TF_ENTITY,300,88545,thingsflow-entity-greptimedb-durable,0,0,0
1785522161,TF_ALARMS,3889,1165596,thingsflow-alarm-materializer,0,0,0
1785522161,KV_twin_state,770,137822,ZLB67XeG,0,0,0
1785522166,TF_RAW,43325,17084228,thingsflow-greptimedb-durable,0,36,0
1785522166,TF_RAW,43325,17084228,thingsflow-latest-kv-durable,0,0,0
1785522166,TF_RAW,43325,17084228,thingsflow-alarms-durable,0,0,0
1785522166,TF_RAW,43325,17084228,thingsflow-questdb-durable,43325,0,0
1785522166,TF_ENTITY,300,88545,thingsflow-entity-greptimedb-durable,0,0,0
1785522166,TF_ALARMS,3901,1169193,thingsflow-alarm-materializer,0,0,0
1785522166,KV_twin_state,770,137831,ZLB67XeG,0,0,0
1785522171,TF_RAW,44335,17440556,thingsflow-greptimedb-durable,0,46,0
1785522171,TF_RAW,44335,17440556,thingsflow-latest-kv-durable,0,0,0
1785522171,TF_RAW,44335,17440556,thingsflow-alarms-durable,0,0,0
1785522171,TF_RAW,44335,17440556,thingsflow-questdb-durable,44335,0,0
1785522171,TF_ENTITY,300,88545,thingsflow-entity-greptimedb-durable,0,0,0
1785522171,TF_ALARMS,3913,1172790,thingsflow-alarm-materializer,0,0,0
1785522171,KV_twin_state,770,137841,ZLB67XeG,0,0,0
1785522176,TF_ENTITY,300,88545,thingsflow-entity-greptimedb-durable,0,0,0
1785522176,TF_ALARMS,3925,1176386,thingsflow-alarm-materializer,0,0,0
1785522176,KV_twin_state,770,137830,ZLB67XeG,0,0,0
1785522176,TF_RAW,45343,17796181,thingsflow-greptimedb-durable,0,54,0
1785522176,TF_RAW,45343,17796181,thingsflow-latest-kv-durable,0,0,0
1785522176,TF_RAW,45343,17796181,thingsflow-alarms-durable,0,0,0
1785522176,TF_RAW,45343,17796181,thingsflow-questdb-durable,45343,0,0
1785522181,KV_twin_state,770,137824,ZLB67XeG,0,0,0
1785522181,TF_RAW,46344,18149314,thingsflow-greptimedb-durable,0,61,0
1785522181,TF_RAW,46344,18149314,thingsflow-latest-kv-durable,0,0,0
1785522181,TF_RAW,46344,18149314,thingsflow-alarms-durable,0,0,0
1785522181,TF_RAW,46344,18149314,thingsflow-questdb-durable,46344,0,0
1785522181,TF_ENTITY,300,88546,thingsflow-entity-greptimedb-durable,0,0,0
1785522181,TF_ALARMS,3937,1179982,thingsflow-alarm-materializer,0,0,0
1785522186,TF_ENTITY,300,88546,thingsflow-entity-greptimedb-durable,0,0,0
1785522186,TF_ALARMS,3949,1183578,thingsflow-alarm-materializer,0,0,0
1785522186,KV_twin_state,770,137797,ZLB67XeG,0,0,0
1785522186,TF_RAW,47362,18508442,thingsflow-greptimedb-durable,0,72,0
1785522186,TF_RAW,47362,18508442,thingsflow-latest-kv-durable,0,0,0
1785522186,TF_RAW,47362,18508442,thingsflow-alarms-durable,0,0,0
1785522186,TF_RAW,47362,18508442,thingsflow-questdb-durable,47362,0,0
1785522191,TF_ENTITY,300,88546,thingsflow-entity-greptimedb-durable,0,0,0
1785522191,TF_ALARMS,3961,1187174,thingsflow-alarm-materializer,0,0,0
1785522191,KV_twin_state,770,137830,ZLB67XeG,0,0,0
1785522191,TF_RAW,48363,18861564,thingsflow-greptimedb-durable,0,72,0
1785522191,TF_RAW,48363,18861564,thingsflow-latest-kv-durable,0,0,0
1785522191,TF_RAW,48363,18861564,thingsflow-alarms-durable,0,0,0
1785522191,TF_RAW,48363,18861564,thingsflow-questdb-durable,48363,0,0
1785522196,KV_twin_state,770,137827,ZLB67XeG,0,0,0
1785522196,TF_RAW,49363,19214368,thingsflow-greptimedb-durable,0,72,0
1785522196,TF_RAW,49363,19214368,thingsflow-latest-kv-durable,0,0,0
1785522196,TF_RAW,49363,19214368,thingsflow-alarms-durable,0,0,0
1785522196,TF_RAW,49363,19214368,thingsflow-questdb-durable,49363,0,0
1785522196,TF_ENTITY,300,88546,thingsflow-entity-greptimedb-durable,0,0,0
1785522196,TF_ALARMS,3973,1190769,thingsflow-alarm-materializer,0,0,0
1785522201,TF_ENTITY,300,88546,thingsflow-entity-greptimedb-durable,0,0,0
1785522201,TF_ALARMS,3985,1194366,thingsflow-alarm-materializer,0,0,0
1785522201,KV_twin_state,770,137823,ZLB67XeG,0,0,0
1785522201,TF_RAW,50381,19573514,thingsflow-greptimedb-durable,0,89,0
1785522201,TF_RAW,50381,19573514,thingsflow-latest-kv-durable,0,0,0
1785522201,TF_RAW,50381,19573514,thingsflow-alarms-durable,0,0,0
1785522201,TF_RAW,50381,19573514,thingsflow-questdb-durable,50381,0,0
1785522206,TF_RAW,51381,19925495,thingsflow-greptimedb-durable,0,88,0
1785522206,TF_RAW,51381,19925495,thingsflow-latest-kv-durable,0,0,0
1785522206,TF_RAW,51381,19925495,thingsflow-alarms-durable,0,0,0
1785522206,TF_RAW,51381,19925495,thingsflow-questdb-durable,51381,0,0
1785522206,TF_ENTITY,300,88546,thingsflow-entity-greptimedb-durable,0,0,0
1785522206,TF_ALARMS,3997,1197963,thingsflow-alarm-materializer,0,0,0
1785522206,KV_twin_state,770,137839,ZLB67XeG,0,0,0
1785522211,TF_RAW,52398,20284287,thingsflow-greptimedb-durable,0,14,0
1785522211,TF_RAW,52398,20284287,thingsflow-latest-kv-durable,0,0,0
1785522211,TF_RAW,52398,20284287,thingsflow-alarms-durable,0,0,0
1785522211,TF_RAW,52398,20284287,thingsflow-questdb-durable,52398,0,0
1785522211,TF_ENTITY,300,88546,thingsflow-entity-greptimedb-durable,0,0,0
1785522211,TF_ALARMS,4009,1201558,thingsflow-alarm-materializer,0,0,0
1785522211,KV_twin_state,770,137813,ZLB67XeG,0,0,0
1785522216,TF_RAW,53397,20636693,thingsflow-greptimedb-durable,0,7,0
1785522216,TF_RAW,53397,20636693,thingsflow-latest-kv-durable,0,0,0
1785522216,TF_RAW,53397,20636693,thingsflow-alarms-durable,0,0,0
1785522216,TF_RAW,53397,20636693,thingsflow-questdb-durable,53397,0,0
1785522216,TF_ENTITY,300,88546,thingsflow-entity-greptimedb-durable,0,0,0
1785522216,TF_ALARMS,4021,1205154,thingsflow-alarm-materializer,0,0,0
1785522216,KV_twin_state,770,137839,ZLB67XeG,0,0,0
1785522222,TF_RAW,54402,20991284,thingsflow-greptimedb-durable,0,6,0
1785522222,TF_RAW,54402,20991284,thingsflow-latest-kv-durable,0,0,0
1785522222,TF_RAW,54402,20991284,thingsflow-alarms-durable,0,0,0
1785522222,TF_RAW,54402,20991284,thingsflow-questdb-durable,54402,0,0
1785522222,TF_ENTITY,300,88546,thingsflow-entity-greptimedb-durable,0,0,0
1785522222,TF_ALARMS,4033,1208751,thingsflow-alarm-materializer,0,0,0
1785522222,KV_twin_state,770,137852,ZLB67XeG,0,0,0
1785522227,TF_ENTITY,300,88546,thingsflow-entity-greptimedb-durable,0,0,0
1785522227,TF_ALARMS,4045,1212345,thingsflow-alarm-materializer,0,0,0
1785522227,KV_twin_state,770,137831,ZLB67XeG,0,0,0
1785522227,TF_RAW,55424,21351018,thingsflow-greptimedb-durable,0,25,0
1785522227,TF_RAW,55424,21351018,thingsflow-latest-kv-durable,0,0,0
1785522227,TF_RAW,55424,21351018,thingsflow-alarms-durable,0,0,0
1785522227,TF_RAW,55424,21351018,thingsflow-questdb-durable,55424,0,0
1785522232,TF_RAW,56426,21706225,thingsflow-greptimedb-durable,0,24,0
1785522232,TF_RAW,56426,21706225,thingsflow-latest-kv-durable,0,0,0
1785522232,TF_RAW,56426,21706225,thingsflow-alarms-durable,0,0,0
1785522232,TF_RAW,56426,21706225,thingsflow-questdb-durable,56426,0,0
1785522232,TF_ENTITY,300,88546,thingsflow-entity-greptimedb-durable,0,0,0
1785522232,TF_ALARMS,4057,1215942,thingsflow-alarm-materializer,0,0,0
1785522232,KV_twin_state,770,137827,ZLB67XeG,0,0,0
1785522237,TF_RAW,57444,22064526,thingsflow-greptimedb-durable,0,43,0
1785522237,TF_RAW,57444,22064526,thingsflow-latest-kv-durable,0,0,0
1785522237,TF_RAW,57444,22064526,thingsflow-alarms-durable,0,0,0
1785522237,TF_RAW,57444,22064526,thingsflow-questdb-durable,57444,0,0
1785522237,TF_ENTITY,300,88546,thingsflow-entity-greptimedb-durable,0,0,0
1785522237,TF_ALARMS,4069,1219536,thingsflow-alarm-materializer,0,0,0
1785522237,KV_twin_state,770,137842,ZLB67XeG,0,0,0
1785522242,TF_RAW,58441,22416260,thingsflow-greptimedb-durable,0,39,0
1785522242,TF_RAW,58441,22416260,thingsflow-latest-kv-durable,0,0,0
1785522242,TF_RAW,58441,22416260,thingsflow-alarms-durable,0,0,0
1785522242,TF_RAW,58441,22416260,thingsflow-questdb-durable,58441,0,0
1785522242,TF_ENTITY,300,88547,thingsflow-entity-greptimedb-durable,0,0,0
1785522242,TF_ALARMS,4081,1223133,thingsflow-alarm-materializer,0,0,0
1785522242,KV_twin_state,770,137843,ZLB67XeG,0,0,0
1785522247,TF_RAW,59452,22770321,thingsflow-greptimedb-durable,0,53,0
1785522247,TF_RAW,59452,22770321,thingsflow-latest-kv-durable,0,1,0
1785522247,TF_RAW,59452,22770321,thingsflow-alarms-durable,0,1,0
1785522247,TF_RAW,59452,22770321,thingsflow-questdb-durable,59452,0,0
1785522247,TF_ENTITY,300,88547,thingsflow-entity-greptimedb-durable,0,0,0
1785522247,TF_ALARMS,4093,1226728,thingsflow-alarm-materializer,0,0,0
1785522247,KV_twin_state,770,137839,ZLB67XeG,0,0,0
1785522252,TF_RAW,60474,23132619,thingsflow-greptimedb-durable,0,74,0
1785522252,TF_RAW,60474,23132619,thingsflow-latest-kv-durable,0,1,0
1785522252,TF_RAW,60474,23132619,thingsflow-alarms-durable,0,1,0
1785522252,TF_RAW,60474,23132619,thingsflow-questdb-durable,60474,0,0
1785522252,TF_ENTITY,300,88547,thingsflow-entity-greptimedb-durable,0,0,0
1785522252,TF_ALARMS,4105,1230324,thingsflow-alarm-materializer,0,0,0
1785522252,KV_twin_state,770,137833,ZLB67XeG,0,0,0
1785522257,TF_RAW,61475,23486643,thingsflow-greptimedb-durable,0,76,0
1785522257,TF_RAW,61475,23486643,thingsflow-latest-kv-durable,0,0,0
1785522257,TF_RAW,61475,23486643,thingsflow-alarms-durable,0,0,0
1785522257,TF_RAW,61475,23486643,thingsflow-questdb-durable,61475,0,0
1785522257,TF_ENTITY,300,88547,thingsflow-entity-greptimedb-durable,0,0,0
1785522257,TF_ALARMS,4117,1233921,thingsflow-alarm-materializer,0,0,0
1785522257,KV_twin_state,770,137831,ZLB67XeG,0,0,0
1785522262,TF_RAW,62204,23744675,thingsflow-greptimedb-durable,0,4,0
1785522262,TF_RAW,62204,23744675,thingsflow-latest-kv-durable,0,0,0
1785522262,TF_RAW,62204,23744675,thingsflow-alarms-durable,0,0,0
1785522262,TF_RAW,62204,23744675,thingsflow-questdb-durable,62204,0,0
1785522262,TF_ENTITY,300,88547,thingsflow-entity-greptimedb-durable,0,0,0
1785522262,TF_ALARMS,4129,1237518,thingsflow-alarm-materializer,0,0,0
1785522262,KV_twin_state,770,137804,ZLB67XeG,0,0,0
1785522267,TF_RAW,62204,23744669,thingsflow-greptimedb-durable,0,4,0
1785522267,TF_RAW,62204,23744669,thingsflow-latest-kv-durable,0,0,0
1785522267,TF_RAW,62204,23744669,thingsflow-alarms-durable,0,0,0
1785522267,TF_RAW,62204,23744669,thingsflow-questdb-durable,62204,0,0
1785522267,TF_ENTITY,300,88547,thingsflow-entity-greptimedb-durable,0,0,0
1785522267,TF_ALARMS,4141,1241115,thingsflow-alarm-materializer,0,0,0
1785522267,KV_twin_state,770,137802,ZLB67XeG,0,0,0
1785522272,TF_RAW,62087,23703990,thingsflow-greptimedb-durable,0,4,0
1785522272,TF_RAW,62087,23703990,thingsflow-latest-kv-durable,0,0,0
1785522272,TF_RAW,62087,23703990,thingsflow-alarms-durable,0,0,0
1785522272,TF_RAW,62087,23703990,thingsflow-questdb-durable,62087,0,0
1785522272,TF_ENTITY,300,88547,thingsflow-entity-greptimedb-durable,0,0,0
1785522272,TF_ALARMS,4153,1244712,thingsflow-alarm-materializer,0,0,0
1785522272,KV_twin_state,770,137807,ZLB67XeG,0,0,0
1785522277,TF_ALARMS,4165,1248307,thingsflow-alarm-materializer,0,0,0
1785522277,KV_twin_state,770,137809,ZLB67XeG,0,0,0
1785522277,TF_RAW,61837,23617035,thingsflow-greptimedb-durable,0,4,0
1785522277,TF_RAW,61837,23617035,thingsflow-latest-kv-durable,0,0,0
1785522277,TF_RAW,61837,23617035,thingsflow-alarms-durable,0,0,0
1785522277,TF_RAW,61837,23617035,thingsflow-questdb-durable,61837,0,0
1785522277,TF_ENTITY,300,88547,thingsflow-entity-greptimedb-durable,0,0,0
1785522282,TF_RAW,61586,23529581,thingsflow-greptimedb-durable,0,0,0
1785522282,TF_RAW,61586,23529581,thingsflow-latest-kv-durable,0,0,0
1785522282,TF_RAW,61586,23529581,thingsflow-alarms-durable,0,0,0
1785522282,TF_RAW,61586,23529581,thingsflow-questdb-durable,61586,0,0
1785522282,TF_ENTITY,300,88547,thingsflow-entity-greptimedb-durable,0,0,0
1785522282,TF_ALARMS,4177,1251901,thingsflow-alarm-materializer,0,0,0
1785522282,KV_twin_state,770,137795,ZLB67XeG,0,0,0
1785522287,TF_ALARMS,4189,1255498,thingsflow-alarm-materializer,0,0,0
1785522287,KV_twin_state,770,137810,ZLB67XeG,0,0,0
1785522287,TF_RAW,61335,23441141,thingsflow-greptimedb-durable,0,0,0
1785522287,TF_RAW,61335,23441141,thingsflow-latest-kv-durable,0,0,0
1785522287,TF_RAW,61335,23441141,thingsflow-alarms-durable,0,0,0
1785522287,TF_RAW,61335,23441141,thingsflow-questdb-durable,61335,0,0
1785522287,TF_ENTITY,300,88547,thingsflow-entity-greptimedb-durable,0,0,0
1785522292,TF_RAW,61085,23353933,thingsflow-greptimedb-durable,0,0,0
1785522292,TF_RAW,61085,23353933,thingsflow-latest-kv-durable,0,0,0
1785522292,TF_RAW,61085,23353933,thingsflow-alarms-durable,0,0,0
1785522292,TF_RAW,61085,23353933,thingsflow-questdb-durable,61085,0,0
1785522292,TF_ENTITY,300,88547,thingsflow-entity-greptimedb-durable,0,0,0
1785522292,TF_ALARMS,4201,1259094,thingsflow-alarm-materializer,0,0,0
1785522292,KV_twin_state,770,137804,ZLB67XeG,0,0,0
1785522297,TF_ENTITY,300,88547,thingsflow-entity-greptimedb-durable,0,0,0
1785522297,TF_ALARMS,4213,1262689,thingsflow-alarm-materializer,0,0,0
1785522297,KV_twin_state,770,137806,ZLB67XeG,0,0,0
1785522297,TF_RAW,60834,23266407,thingsflow-greptimedb-durable,0,0,0
1785522297,TF_RAW,60834,23266407,thingsflow-latest-kv-durable,0,0,0
1785522297,TF_RAW,60834,23266407,thingsflow-alarms-durable,0,0,0
1785522297,TF_RAW,60834,23266407,thingsflow-questdb-durable,60834,0,0
1785522302,TF_RAW,60583,23177982,thingsflow-greptimedb-durable,0,0,0
1785522302,TF_RAW,60583,23177982,thingsflow-latest-kv-durable,0,0,0
1785522302,TF_RAW,60583,23177982,thingsflow-alarms-durable,0,0,0
1785522302,TF_RAW,60583,23177982,thingsflow-questdb-durable,60583,0,0
1785522302,TF_ENTITY,300,88548,thingsflow-entity-greptimedb-durable,0,0,0
1785522302,TF_ALARMS,4225,1266285,thingsflow-alarm-materializer,0,0,0
1785522302,KV_twin_state,770,137807,ZLB67XeG,0,0,0
1785522307,TF_RAW,60330,23089751,thingsflow-greptimedb-durable,0,0,0
1785522307,TF_RAW,60330,23089751,thingsflow-latest-kv-durable,0,0,0
1785522307,TF_RAW,60330,23089751,thingsflow-alarms-durable,0,0,0
1785522307,TF_RAW,60330,23089751,thingsflow-questdb-durable,60330,0,0
1785522307,TF_ENTITY,300,88548,thingsflow-entity-greptimedb-durable,0,0,0
1785522307,TF_ALARMS,4237,1269879,thingsflow-alarm-materializer,0,0,0
1785522307,KV_twin_state,770,137807,ZLB67XeG,0,0,0
1785522312,TF_RAW,60079,23002195,thingsflow-greptimedb-durable,0,0,0
1785522312,TF_RAW,60079,23002195,thingsflow-latest-kv-durable,0,0,0
1785522312,TF_RAW,60079,23002195,thingsflow-alarms-durable,0,0,0
1785522312,TF_RAW,60079,23002195,thingsflow-questdb-durable,60079,0,0
1785522312,TF_ENTITY,300,88548,thingsflow-entity-greptimedb-durable,0,0,0
1785522312,TF_ALARMS,4249,1273476,thingsflow-alarm-materializer,0,0,0
1785522312,KV_twin_state,770,137811,ZLB67XeG,0,0,0
1785522317,TF_RAW,59827,22914288,thingsflow-greptimedb-durable,0,0,0
1785522317,TF_RAW,59827,22914288,thingsflow-latest-kv-durable,0,0,0
1785522317,TF_RAW,59827,22914288,thingsflow-alarms-durable,0,0,0
1785522317,TF_RAW,59827,22914288,thingsflow-questdb-durable,59827,0,0
1785522317,TF_ENTITY,300,88548,thingsflow-entity-greptimedb-durable,0,0,0
1785522317,TF_ALARMS,4261,1277071,thingsflow-alarm-materializer,0,0,0
1785522317,KV_twin_state,770,137809,ZLB67XeG,0,0,0
1785522322,TF_RAW,59573,22823925,thingsflow-greptimedb-durable,0,0,0
1785522322,TF_RAW,59573,22823925,thingsflow-latest-kv-durable,0,0,0
1785522322,TF_RAW,59573,22823925,thingsflow-alarms-durable,0,0,0
1785522322,TF_RAW,59573,22823925,thingsflow-questdb-durable,59573,0,0
1785522322,TF_ENTITY,300,88548,thingsflow-entity-greptimedb-durable,0,0,0
1785522322,TF_ALARMS,4273,1280666,thingsflow-alarm-materializer,0,0,0
1785522322,KV_twin_state,770,137802,ZLB67XeG,0,0,0
1785522327,TF_RAW,59323,22736720,thingsflow-greptimedb-durable,0,0,0
1785522327,TF_RAW,59323,22736720,thingsflow-latest-kv-durable,0,0,0
1785522327,TF_RAW,59323,22736720,thingsflow-alarms-durable,0,0,0
1785522327,TF_RAW,59323,22736720,thingsflow-questdb-durable,59323,0,0
1785522327,TF_ENTITY,300,88548,thingsflow-entity-greptimedb-durable,0,0,0
1785522327,TF_ALARMS,4285,1284261,thingsflow-alarm-materializer,0,0,0
1785522327,KV_twin_state,770,137810,ZLB67XeG,0,0,0
1785522332,KV_twin_state,770,137807,ZLB67XeG,0,0,0
1785522332,TF_RAW,59072,22649191,thingsflow-greptimedb-durable,0,0,0
1785522332,TF_RAW,59072,22649191,thingsflow-latest-kv-durable,0,0,0
1785522332,TF_RAW,59072,22649191,thingsflow-alarms-durable,0,0,0
1785522332,TF_RAW,59072,22649191,thingsflow-questdb-durable,59072,0,0
1785522332,TF_ENTITY,300,88548,thingsflow-entity-greptimedb-durable,0,0,0
1785522332,TF_ALARMS,4297,1287856,thingsflow-alarm-materializer,0,0,0
1785522337,TF_RAW,58822,22561978,thingsflow-greptimedb-durable,0,0,0
1785522337,TF_RAW,58822,22561978,thingsflow-latest-kv-durable,0,0,0
1785522337,TF_RAW,58822,22561978,thingsflow-alarms-durable,0,0,0
1785522337,TF_RAW,58822,22561978,thingsflow-questdb-durable,58822,0,0
1785522337,TF_ENTITY,300,88548,thingsflow-entity-greptimedb-durable,0,0,0
1785522337,TF_ALARMS,4309,1291453,thingsflow-alarm-materializer,0,0,0
1785522337,KV_twin_state,770,137805,ZLB67XeG,0,0,0
1785522343,TF_ALARMS,4321,1295049,thingsflow-alarm-materializer,0,0,0
1785522343,KV_twin_state,770,137796,ZLB67XeG,0,0,0
1785522343,TF_RAW,58571,22474436,thingsflow-greptimedb-durable,0,0,0
1785522343,TF_RAW,58571,22474436,thingsflow-latest-kv-durable,0,0,0
1785522343,TF_RAW,58571,22474436,thingsflow-alarms-durable,0,0,0
1785522343,TF_RAW,58571,22474436,thingsflow-questdb-durable,58571,0,0
1785522343,TF_ENTITY,300,88548,thingsflow-entity-greptimedb-durable,0,0,0
1785522348,TF_RAW,58321,22387249,thingsflow-greptimedb-durable,0,0,0
1785522348,TF_RAW,58321,22387249,thingsflow-latest-kv-durable,0,0,0
1785522348,TF_RAW,58321,22387249,thingsflow-alarms-durable,0,0,0
1785522348,TF_RAW,58321,22387249,thingsflow-questdb-durable,58321,0,0
1785522348,TF_ENTITY,300,88548,thingsflow-entity-greptimedb-durable,0,0,0
1785522348,TF_ALARMS,4333,1298642,thingsflow-alarm-materializer,0,0,0
1785522348,KV_twin_state,770,137797,ZLB67XeG,0,0,0
1785522353,TF_RAW,58071,22300027,thingsflow-greptimedb-durable,0,0,0
1785522353,TF_RAW,58071,22300027,thingsflow-latest-kv-durable,0,0,0
1785522353,TF_RAW,58071,22300027,thingsflow-alarms-durable,0,0,0
1785522353,TF_RAW,58071,22300027,thingsflow-questdb-durable,58071,0,0
1785522353,TF_ENTITY,300,88548,thingsflow-entity-greptimedb-durable,0,0,0
1785522353,TF_ALARMS,4345,1302236,thingsflow-alarm-materializer,0,0,0
1785522353,KV_twin_state,770,137797,ZLB67XeG,0,0,0
1785522358,TF_RAW,57820,22212496,thingsflow-greptimedb-durable,0,0,0
1785522358,TF_RAW,57820,22212496,thingsflow-latest-kv-durable,0,0,0
1785522358,TF_RAW,57820,22212496,thingsflow-alarms-durable,0,0,0
1785522358,TF_RAW,57820,22212496,thingsflow-questdb-durable,57820,0,0
1785522358,TF_ENTITY,300,88548,thingsflow-entity-greptimedb-durable,0,0,0
1785522358,TF_ALARMS,4357,1305832,thingsflow-alarm-materializer,0,0,0
1785522358,KV_twin_state,770,137796,ZLB67XeG,0,0,0
1785522363,TF_ALARMS,4369,1309425,thingsflow-alarm-materializer,0,0,0
1785522363,KV_twin_state,770,137798,ZLB67XeG,0,0,0
1785522363,TF_RAW,57571,22125639,thingsflow-greptimedb-durable,0,0,0
1785522363,TF_RAW,57571,22125639,thingsflow-latest-kv-durable,0,0,0
1785522363,TF_RAW,57571,22125639,thingsflow-alarms-durable,0,0,0
1785522363,TF_RAW,57571,22125639,thingsflow-questdb-durable,57571,0,0
1785522363,TF_ENTITY,300,88549,thingsflow-entity-greptimedb-durable,0,0,0
1785522368,TF_RAW,57319,22037759,thingsflow-greptimedb-durable,0,0,0
1785522368,TF_RAW,57319,22037759,thingsflow-latest-kv-durable,0,0,0
1785522368,TF_RAW,57319,22037759,thingsflow-alarms-durable,0,0,0
1785522368,TF_RAW,57319,22037759,thingsflow-questdb-durable,57319,0,0
1785522368,TF_ENTITY,300,88549,thingsflow-entity-greptimedb-durable,0,0,0
1785522368,TF_ALARMS,4381,1313020,thingsflow-alarm-materializer,0,0,0
1785522368,KV_twin_state,770,137801,ZLB67XeG,0,0,0
1785522373,TF_RAW,57378,22057843,thingsflow-greptimedb-durable,0,35,0
1785522373,TF_RAW,57378,22057843,thingsflow-latest-kv-durable,0,6,0
1785522373,TF_RAW,57378,22057843,thingsflow-alarms-durable,0,0,0
1785522373,TF_RAW,57378,22057843,thingsflow-questdb-durable,57378,0,0
1785522373,TF_ENTITY,300,88549,thingsflow-entity-greptimedb-durable,0,0,0
1785522373,TF_ALARMS,4393,1316615,thingsflow-alarm-materializer,0,0,0
1785522373,KV_twin_state,1368,243613,ZLB67XeG,0,0,0
1785522378,KV_twin_state,1870,332480,ZLB67XeG,0,0,0
1785522378,TF_RAW,58421,22418315,thingsflow-greptimedb-durable,0,42,0
1785522378,TF_RAW,58421,22418315,thingsflow-latest-kv-durable,0,0,0
1785522378,TF_RAW,58421,22418315,thingsflow-alarms-durable,0,0,0
1785522378,TF_RAW,58421,22418315,thingsflow-questdb-durable,58421,0,0
1785522378,TF_ENTITY,300,88549,thingsflow-entity-greptimedb-durable,0,0,0
1785522378,TF_ALARMS,4408,1321097,thingsflow-alarm-materializer,0,0,0
1785522383,KV_twin_state,1870,332439,ZLB67XeG,0,0,0
1785522383,TF_RAW,59632,22840665,thingsflow-greptimedb-durable,0,81,0
1785522383,TF_RAW,59632,22840665,thingsflow-latest-kv-durable,0,0,0
1785522383,TF_RAW,59632,22840665,thingsflow-alarms-durable,0,0,0
1785522383,TF_RAW,59632,22840665,thingsflow-questdb-durable,59632,0,0
1785522383,TF_ENTITY,300,88549,thingsflow-entity-greptimedb-durable,0,0,0
1785522383,TF_ALARMS,4420,1324691,thingsflow-alarm-materializer,0,0,0
1785522388,TF_RAW,60960,23302326,thingsflow-greptimedb-durable,0,85,0
1785522388,TF_RAW,60960,23302326,thingsflow-latest-kv-durable,0,0,0
1785522388,TF_RAW,60960,23302326,thingsflow-alarms-durable,0,0,0
1785522388,TF_RAW,60960,23302326,thingsflow-questdb-durable,60960,0,0
1785522388,TF_ENTITY,300,88549,thingsflow-entity-greptimedb-durable,0,0,0
1785522388,TF_ALARMS,4432,1328285,thingsflow-alarm-materializer,0,0,0
1785522388,KV_twin_state,1870,332685,ZLB67XeG,0,0,0
1785522393,TF_RAW,62518,23845460,thingsflow-greptimedb-durable,0,90,0
1785522393,TF_RAW,62518,23845460,thingsflow-latest-kv-durable,0,0,0
1785522393,TF_RAW,62518,23845460,thingsflow-alarms-durable,0,0,0
1785522393,TF_RAW,62518,23845460,thingsflow-questdb-durable,62518,0,0
1785522393,TF_ENTITY,300,88549,thingsflow-entity-greptimedb-durable,0,0,0
1785522393,TF_ALARMS,4444,1331881,thingsflow-alarm-materializer,0,0,0
1785522393,KV_twin_state,1870,332983,ZLB67XeG,0,0,0
1785522398,KV_twin_state,1870,332949,ZLB67XeG,0,0,0
1785522398,TF_RAW,63760,24278388,thingsflow-greptimedb-durable,0,179,0
1785522398,TF_RAW,63760,24278388,thingsflow-latest-kv-durable,0,86,0
1785522398,TF_RAW,63760,24278388,thingsflow-alarms-durable,0,0,0
1785522398,TF_RAW,63760,24278388,thingsflow-questdb-durable,63760,0,0
1785522398,TF_ENTITY,300,88549,thingsflow-entity-greptimedb-durable,0,0,0
1785522398,TF_ALARMS,4456,1335476,thingsflow-alarm-materializer,0,0,0
1785522403,TF_RAW,64771,24630800,thingsflow-greptimedb-durable,0,64,0
1785522403,TF_RAW,64771,24630800,thingsflow-latest-kv-durable,0,0,0
1785522403,TF_RAW,64771,24630800,thingsflow-alarms-durable,0,0,0
1785522403,TF_RAW,64771,24630800,thingsflow-questdb-durable,64771,0,0
1785522403,TF_ENTITY,300,88549,thingsflow-entity-greptimedb-durable,0,0,0
1785522403,TF_ALARMS,4468,1339072,thingsflow-alarm-materializer,0,0,0
1785522403,KV_twin_state,1870,332948,ZLB67XeG,0,0,0
1785522408,TF_ALARMS,4480,1342669,thingsflow-alarm-materializer,0,0,0
1785522408,KV_twin_state,1870,332962,ZLB67XeG,0,0,0
1785522408,TF_RAW,66195,25127271,thingsflow-greptimedb-durable,0,212,0
1785522408,TF_RAW,66195,25127271,thingsflow-latest-kv-durable,0,59,0
1785522408,TF_RAW,66195,25127271,thingsflow-alarms-durable,0,0,0
1785522408,TF_RAW,66195,25127271,thingsflow-questdb-durable,66195,0,0
1785522408,TF_ENTITY,300,88549,thingsflow-entity-greptimedb-durable,0,0,0
1785522413,TF_RAW,67552,25600351,thingsflow-greptimedb-durable,0,116,0
1785522413,TF_RAW,67552,25600351,thingsflow-latest-kv-durable,0,0,0
1785522413,TF_RAW,67552,25600351,thingsflow-alarms-durable,0,0,0
1785522413,TF_RAW,67552,25600351,thingsflow-questdb-durable,67552,0,0
1785522413,TF_ENTITY,300,88549,thingsflow-entity-greptimedb-durable,0,0,0
1785522413,TF_ALARMS,4492,1346265,thingsflow-alarm-materializer,0,0,0
1785522413,KV_twin_state,1870,332957,ZLB67XeG,0,0,0
1785522418,TF_RAW,68686,25995675,thingsflow-greptimedb-durable,0,146,0
1785522418,TF_RAW,68686,25995675,thingsflow-latest-kv-durable,0,0,0
1785522418,TF_RAW,68686,25995675,thingsflow-alarms-durable,0,0,0
1785522418,TF_RAW,68686,25995675,thingsflow-questdb-durable,68686,0,0
1785522418,TF_ENTITY,300,88549,thingsflow-entity-greptimedb-durable,0,0,0
1785522418,TF_ALARMS,4504,1349862,thingsflow-alarm-materializer,0,0,0
1785522418,KV_twin_state,1870,332953,ZLB67XeG,0,0,0
1785522423,TF_RAW,69870,26408405,thingsflow-greptimedb-durable,0,169,0
1785522423,TF_RAW,69870,26408405,thingsflow-latest-kv-durable,0,0,0
1785522423,TF_RAW,69870,26408405,thingsflow-alarms-durable,0,0,0
1785522423,TF_RAW,69870,26408405,thingsflow-questdb-durable,69870,0,0
1785522423,TF_ENTITY,300,88550,thingsflow-entity-greptimedb-durable,0,0,0
1785522423,TF_ALARMS,4516,1353451,thingsflow-alarm-materializer,0,0,0
1785522423,KV_twin_state,1870,332944,ZLB67XeG,0,0,0
1785522428,TF_RAW,71533,26988221,thingsflow-greptimedb-durable,0,0,0
1785522428,TF_RAW,71533,26988221,thingsflow-latest-kv-durable,0,0,0
1785522428,TF_RAW,71533,26988221,thingsflow-alarms-durable,0,0,0
1785522428,TF_RAW,71533,26988221,thingsflow-questdb-durable,71533,0,0
1785522428,TF_ENTITY,300,88550,thingsflow-entity-greptimedb-durable,0,0,0
1785522428,TF_ALARMS,4528,1357047,thingsflow-alarm-materializer,0,0,0
1785522428,KV_twin_state,1870,332955,ZLB67XeG,0,0,0
1785522433,KV_twin_state,1870,332952,ZLB67XeG,0,0,0
1785522433,TF_RAW,72454,27309235,thingsflow-greptimedb-durable,0,13,0
1785522433,TF_RAW,72454,27309235,thingsflow-latest-kv-durable,0,0,0
1785522433,TF_RAW,72454,27309235,thingsflow-alarms-durable,0,0,0
1785522433,TF_RAW,72454,27309235,thingsflow-questdb-durable,72454,0,0
1785522433,TF_ENTITY,300,88550,thingsflow-entity-greptimedb-durable,0,0,0
1785522433,TF_ALARMS,4540,1360643,thingsflow-alarm-materializer,0,0,0
1785522438,TF_RAW,73523,27681846,thingsflow-greptimedb-durable,0,15,0
1785522438,TF_RAW,73523,27681846,thingsflow-latest-kv-durable,0,0,0
1785522438,TF_RAW,73523,27681846,thingsflow-alarms-durable,0,0,0
1785522438,TF_RAW,73523,27681846,thingsflow-questdb-durable,73523,0,0
1785522438,TF_ENTITY,300,88550,thingsflow-entity-greptimedb-durable,0,0,0
1785522438,TF_ALARMS,4552,1364240,thingsflow-alarm-materializer,0,0,0
1785522438,KV_twin_state,1870,332961,ZLB67XeG,0,0,0
1785522443,TF_RAW,74983,28190871,thingsflow-greptimedb-durable,0,0,0
1785522443,TF_RAW,74983,28190871,thingsflow-latest-kv-durable,0,0,0
1785522443,TF_RAW,74983,28190871,thingsflow-alarms-durable,0,0,0
1785522443,TF_RAW,74983,28190871,thingsflow-questdb-durable,74983,0,0
1785522443,TF_ENTITY,300,88550,thingsflow-entity-greptimedb-durable,0,0,0
1785522443,TF_ALARMS,4564,1367837,thingsflow-alarm-materializer,0,0,0
1785522443,KV_twin_state,1870,332959,ZLB67XeG,0,0,0
1785522448,TF_RAW,76777,28816368,thingsflow-greptimedb-durable,0,65,0
1785522448,TF_RAW,76777,28816368,thingsflow-latest-kv-durable,0,0,0
1785522448,TF_RAW,76777,28816368,thingsflow-alarms-durable,0,0,0
1785522448,TF_RAW,76777,28816368,thingsflow-questdb-durable,76777,0,0
1785522448,TF_ENTITY,300,88550,thingsflow-entity-greptimedb-durable,0,0,0
1785522448,TF_ALARMS,4576,1371430,thingsflow-alarm-materializer,0,0,0
1785522448,KV_twin_state,1870,332955,ZLB67XeG,0,0,0
1785522453,TF_ALARMS,4588,1375025,thingsflow-alarm-materializer,0,0,0
1785522453,KV_twin_state,1870,332964,ZLB67XeG,0,0,0
1785522453,TF_RAW,78206,29314574,thingsflow-greptimedb-durable,0,68,0
1785522453,TF_RAW,78206,29314574,thingsflow-latest-kv-durable,0,0,0
1785522453,TF_RAW,78206,29314574,thingsflow-alarms-durable,0,0,0
1785522453,TF_RAW,78206,29314574,thingsflow-questdb-durable,78206,0,0
1785522453,TF_ENTITY,300,88550,thingsflow-entity-greptimedb-durable,0,0,0
1785522458,TF_ALARMS,4600,1378621,thingsflow-alarm-materializer,0,0,0
1785522458,KV_twin_state,1870,332987,ZLB67XeG,0,0,0
1785522458,TF_RAW,79550,29783115,thingsflow-greptimedb-durable,0,31,0
1785522458,TF_RAW,79550,29783115,thingsflow-latest-kv-durable,0,0,0
1785522458,TF_RAW,79550,29783115,thingsflow-alarms-durable,0,0,0
1785522458,TF_RAW,79550,29783115,thingsflow-questdb-durable,79550,0,0
1785522458,TF_ENTITY,300,88550,thingsflow-entity-greptimedb-durable,0,0,0
1785522463,TF_ENTITY,300,88550,thingsflow-entity-greptimedb-durable,0,0,0
1785522463,TF_ALARMS,4612,1382216,thingsflow-alarm-materializer,0,0,0
1785522463,KV_twin_state,1870,332950,ZLB67XeG,0,0,0
1785522463,TF_RAW,81080,30316519,thingsflow-greptimedb-durable,0,104,0
1785522463,TF_RAW,81080,30316519,thingsflow-latest-kv-durable,0,0,0
1785522463,TF_RAW,81080,30316519,thingsflow-alarms-durable,0,0,0
1785522463,TF_RAW,81080,30316519,thingsflow-questdb-durable,81080,0,0
1785522469,TF_RAW,83152,31039004,thingsflow-greptimedb-durable,0,124,0
1785522469,TF_RAW,83152,31039004,thingsflow-latest-kv-durable,0,0,0
1785522469,TF_RAW,83152,31039004,thingsflow-alarms-durable,0,0,0
1785522469,TF_RAW,83152,31039004,thingsflow-questdb-durable,83152,0,0
1785522469,TF_ENTITY,300,88550,thingsflow-entity-greptimedb-durable,0,0,0
1785522469,TF_ALARMS,4624,1385813,thingsflow-alarm-materializer,0,0,0
1785522469,KV_twin_state,1870,332991,ZLB67XeG,0,0,0
1785522474,TF_ALARMS,4636,1389410,thingsflow-alarm-materializer,0,0,0
1785522474,KV_twin_state,1870,332957,ZLB67XeG,0,0,0
1785522474,TF_RAW,84395,31472291,thingsflow-greptimedb-durable,0,104,0
1785522474,TF_RAW,84395,31472291,thingsflow-latest-kv-durable,0,0,0
1785522474,TF_RAW,84395,31472291,thingsflow-alarms-durable,0,0,0
1785522474,TF_RAW,84395,31472291,thingsflow-questdb-durable,84395,0,0
1785522474,TF_ENTITY,300,88550,thingsflow-entity-greptimedb-durable,0,0,0
1785522479,TF_ENTITY,300,88550,thingsflow-entity-greptimedb-durable,0,0,0
1785522479,TF_ALARMS,4648,1393004,thingsflow-alarm-materializer,0,0,0
1785522479,KV_twin_state,1870,332969,ZLB67XeG,0,0,0
1785522479,TF_RAW,85710,31930752,thingsflow-greptimedb-durable,0,122,0
1785522479,TF_RAW,85710,31930752,thingsflow-latest-kv-durable,0,0,0
1785522479,TF_RAW,85710,31930752,thingsflow-alarms-durable,0,0,0
1785522479,TF_RAW,85710,31930752,thingsflow-questdb-durable,85710,0,0
1785522484,TF_ALARMS,4660,1396622,thingsflow-alarm-materializer,0,0,0
1785522484,KV_twin_state,1870,332965,ZLB67XeG,0,0,0
1785522484,TF_RAW,86839,32324282,thingsflow-greptimedb-durable,0,79,0
1785522484,TF_RAW,86839,32324282,thingsflow-latest-kv-durable,0,0,0
1785522484,TF_RAW,86839,32324282,thingsflow-alarms-durable,0,0,0
1785522484,TF_RAW,86839,32324282,thingsflow-questdb-durable,86839,0,0
1785522484,TF_ENTITY,300,88550,thingsflow-entity-greptimedb-durable,0,0,0
1785522489,TF_RAW,88381,32861918,thingsflow-greptimedb-durable,0,232,0
1785522489,TF_RAW,88381,32861918,thingsflow-latest-kv-durable,0,44,0
1785522489,TF_RAW,88381,32861918,thingsflow-alarms-durable,0,0,0
1785522489,TF_RAW,88381,32861918,thingsflow-questdb-durable,88381,0,0
1785522489,TF_ENTITY,300,88550,thingsflow-entity-greptimedb-durable,0,0,0
1785522489,TF_ALARMS,4672,1400218,thingsflow-alarm-materializer,0,0,0
1785522489,KV_twin_state,1870,332950,ZLB67XeG,0,0,0
1785522494,TF_RAW,90098,33460567,thingsflow-greptimedb-durable,0,134,0
1785522494,TF_RAW,90098,33460567,thingsflow-latest-kv-durable,0,0,0
1785522494,TF_RAW,90098,33460567,thingsflow-alarms-durable,0,0,0
1785522494,TF_RAW,90098,33460567,thingsflow-questdb-durable,90098,0,0
1785522494,TF_ENTITY,300,88550,thingsflow-entity-greptimedb-durable,0,0,0
1785522494,TF_ALARMS,4684,1403814,thingsflow-alarm-materializer,0,0,0
1785522494,KV_twin_state,1870,332940,ZLB67XeG,0,0,0
1785522499,TF_RAW,90894,33737961,thingsflow-greptimedb-durable,0,0,0
1785522499,TF_RAW,90894,33737961,thingsflow-latest-kv-durable,0,0,0
1785522499,TF_RAW,90894,33737961,thingsflow-alarms-durable,0,0,0
1785522499,TF_RAW,90894,33737961,thingsflow-questdb-durable,90894,0,0
1785522499,TF_ENTITY,300,88550,thingsflow-entity-greptimedb-durable,0,0,0
1785522499,TF_ALARMS,4696,1407409,thingsflow-alarm-materializer,0,0,0
1785522499,KV_twin_state,1870,332954,ZLB67XeG,0,0,0
1785522504,TF_RAW,90648,33655317,thingsflow-greptimedb-durable,0,2,0
1785522504,TF_RAW,90648,33655317,thingsflow-latest-kv-durable,0,0,0
1785522504,TF_RAW,90648,33655317,thingsflow-alarms-durable,0,0,0
1785522504,TF_RAW,90648,33655317,thingsflow-questdb-durable,90648,0,0
1785522504,TF_ENTITY,300,88550,thingsflow-entity-greptimedb-durable,0,0,0
1785522504,TF_ALARMS,4712,1412230,thingsflow-alarm-materializer,0,0,0
1785522504,KV_twin_state,1870,332953,ZLB67XeG,0,0,0
1785522509,TF_ALARMS,4724,1415827,thingsflow-alarm-materializer,0,0,0
1785522509,KV_twin_state,1870,332957,ZLB67XeG,0,0,0
1785522509,TF_RAW,90398,33567866,thingsflow-greptimedb-durable,0,0,0
1785522509,TF_RAW,90398,33567866,thingsflow-latest-kv-durable,0,0,0
1785522509,TF_RAW,90398,33567866,thingsflow-alarms-durable,0,0,0
1785522509,TF_RAW,90398,33567866,thingsflow-questdb-durable,90398,0,0
1785522509,TF_ENTITY,300,88550,thingsflow-entity-greptimedb-durable,0,0,0
1785522514,TF_RAW,90442,33580702,thingsflow-greptimedb-durable,0,41,0
1785522514,TF_RAW,90442,33580702,thingsflow-latest-kv-durable,0,0,0
1785522514,TF_RAW,90442,33580702,thingsflow-alarms-durable,0,0,0
1785522514,TF_RAW,90442,33580702,thingsflow-questdb-durable,90442,0,0
1785522514,TF_ENTITY,300,88550,thingsflow-entity-greptimedb-durable,0,0,0
1785522514,TF_ALARMS,4736,1419421,thingsflow-alarm-materializer,0,0,0
1785522514,KV_twin_state,1870,333030,ZLB67XeG,0,0,0
1785522519,TF_RAW,92092,34157519,thingsflow-greptimedb-durable,0,0,0
1785522519,TF_RAW,92092,34157519,thingsflow-latest-kv-durable,0,0,0
1785522519,TF_RAW,92092,34157519,thingsflow-alarms-durable,0,0,0
1785522519,TF_RAW,92092,34157519,thingsflow-questdb-durable,92092,0,0
1785522519,TF_ENTITY,300,88550,thingsflow-entity-greptimedb-durable,0,0,0
1785522519,TF_ALARMS,4748,1423016,thingsflow-alarm-materializer,0,0,0
1785522519,KV_twin_state,1870,333414,ZLB67XeG,0,0,0
1785522524,TF_ENTITY,300,88550,thingsflow-entity-greptimedb-durable,0,0,0
1785522524,TF_ALARMS,4760,1426613,thingsflow-alarm-materializer,0,0,0
1785522524,KV_twin_state,1870,333473,ZLB67XeG,0,0,0
1785522524,TF_RAW,93633,34696523,thingsflow-greptimedb-durable,0,84,0
1785522524,TF_RAW,93633,34696523,thingsflow-latest-kv-durable,0,0,0
1785522524,TF_RAW,93633,34696523,thingsflow-alarms-durable,0,0,0
1785522524,TF_RAW,93633,34696523,thingsflow-questdb-durable,93633,0,0
1785522529,TF_ALARMS,4772,1430209,thingsflow-alarm-materializer,0,0,0
1785522529,KV_twin_state,1870,333465,ZLB67XeG,0,0,0
1785522529,TF_RAW,95442,35329299,thingsflow-greptimedb-durable,0,81,0
1785522529,TF_RAW,95442,35329299,thingsflow-latest-kv-durable,0,0,0
1785522529,TF_RAW,95442,35329299,thingsflow-alarms-durable,0,0,0
1785522529,TF_RAW,95442,35329299,thingsflow-questdb-durable,95442,0,0
1785522529,TF_ENTITY,300,88550,thingsflow-entity-greptimedb-durable,0,0,0
1785522534,TF_RAW,97126,35918352,thingsflow-greptimedb-durable,0,98,0
1785522534,TF_RAW,97126,35918352,thingsflow-latest-kv-durable,0,43,0
1785522534,TF_RAW,97126,35918352,thingsflow-alarms-durable,0,0,0
1785522534,TF_RAW,97126,35918352,thingsflow-questdb-durable,97126,0,0
1785522534,TF_ENTITY,300,88550,thingsflow-entity-greptimedb-durable,0,0,0
1785522534,TF_ALARMS,4784,1433802,thingsflow-alarm-materializer,0,0,0
1785522534,KV_twin_state,1870,333478,ZLB67XeG,0,0,0
1785522539,TF_RAW,98712,36473145,thingsflow-greptimedb-durable,0,49,0
1785522539,TF_RAW,98712,36473145,thingsflow-latest-kv-durable,0,0,0
1785522539,TF_RAW,98712,36473145,thingsflow-alarms-durable,0,0,0
1785522539,TF_RAW,98712,36473145,thingsflow-questdb-durable,98712,0,0
1785522539,TF_ENTITY,300,88550,thingsflow-entity-greptimedb-durable,0,0,0
1785522539,TF_ALARMS,4796,1437397,thingsflow-alarm-materializer,0,0,0
1785522539,KV_twin_state,1870,333451,ZLB67XeG,0,0,0
1785522544,TF_ALARMS,4808,1440989,thingsflow-alarm-materializer,0,0,0
1785522544,KV_twin_state,1870,333454,ZLB67XeG,0,0,0
1785522544,TF_RAW,100431,37074417,thingsflow-greptimedb-durable,0,76,0
1785522544,TF_RAW,100431,37074417,thingsflow-latest-kv-durable,0,0,0
1785522544,TF_RAW,100431,37074417,thingsflow-alarms-durable,0,0,0
1785522544,TF_RAW,100431,37074417,thingsflow-questdb-durable,100431,0,0
1785522544,TF_ENTITY,300,88550,thingsflow-entity-greptimedb-durable,0,0,0
1785522549,TF_RAW,100448,37080358,thingsflow-greptimedb-durable,0,0,0
1785522549,TF_RAW,100448,37080358,thingsflow-latest-kv-durable,0,0,0
1785522549,TF_RAW,100448,37080358,thingsflow-alarms-durable,0,0,0
1785522549,TF_RAW,100448,37080358,thingsflow-questdb-durable,100448,0,0
1785522549,TF_ENTITY,300,88550,thingsflow-entity-greptimedb-durable,0,0,0
1785522549,TF_ALARMS,4820,1444586,thingsflow-alarm-materializer,0,0,0
1785522549,KV_twin_state,1870,333461,ZLB67XeG,0,0,0
1785522554,TF_RAW,100448,37080350,thingsflow-greptimedb-durable,0,0,0
1785522554,TF_RAW,100448,37080350,thingsflow-latest-kv-durable,0,0,0
1785522554,TF_RAW,100448,37080350,thingsflow-alarms-durable,0,0,0
1785522554,TF_RAW,100448,37080350,thingsflow-questdb-durable,100448,0,0
1785522554,TF_ENTITY,300,88550,thingsflow-entity-greptimedb-durable,0,0,0
1785522554,TF_ALARMS,4832,1448182,thingsflow-alarm-materializer,0,0,0
1785522554,KV_twin_state,1870,333460,ZLB67XeG,0,0,0
1785522559,KV_twin_state,1870,333462,ZLB67XeG,0,0,0
1785522559,TF_RAW,100448,37080350,thingsflow-greptimedb-durable,0,0,0
1785522559,TF_RAW,100448,37080350,thingsflow-latest-kv-durable,0,0,0
1785522559,TF_RAW,100448,37080350,thingsflow-alarms-durable,0,0,0
1785522559,TF_RAW,100448,37080350,thingsflow-questdb-durable,100448,0,0
1785522559,TF_ENTITY,300,88550,thingsflow-entity-greptimedb-durable,0,0,0
1785522559,TF_ALARMS,4844,1451778,thingsflow-alarm-materializer,0,0,0
1785522564,KV_twin_state,1870,333457,ZLB67XeG,0,0,0
1785522564,TF_RAW,100448,37080340,thingsflow-greptimedb-durable,0,0,0
1785522564,TF_RAW,100448,37080340,thingsflow-latest-kv-durable,0,0,0
1785522564,TF_RAW,100448,37080340,thingsflow-alarms-durable,0,0,0
1785522564,TF_RAW,100448,37080340,thingsflow-questdb-durable,100448,0,0
1785522564,TF_ENTITY,300,88550,thingsflow-entity-greptimedb-durable,0,0,0
1785522564,TF_ALARMS,4856,1455375,thingsflow-alarm-materializer,0,0,0
1785522569,TF_ALARMS,4868,1458972,thingsflow-alarm-materializer,0,0,0
1785522569,KV_twin_state,1870,333461,ZLB67XeG,0,0,0
1785522569,TF_RAW,100448,37080332,thingsflow-greptimedb-durable,0,0,0
1785522569,TF_RAW,100448,37080332,thingsflow-latest-kv-durable,0,0,0
1785522569,TF_RAW,100448,37080332,thingsflow-alarms-durable,0,0,0
1785522569,TF_RAW,100448,37080332,thingsflow-questdb-durable,100448,0,0
1785522569,TF_ENTITY,300,88550,thingsflow-entity-greptimedb-durable,0,0,0
1785522574,TF_RAW,100448,37080326,thingsflow-greptimedb-durable,0,0,0
1785522574,TF_RAW,100448,37080326,thingsflow-latest-kv-durable,0,0,0
1785522574,TF_RAW,100448,37080326,thingsflow-alarms-durable,0,0,0
1785522574,TF_RAW,100448,37080326,thingsflow-questdb-durable,100448,0,0
1785522574,TF_ENTITY,300,88550,thingsflow-entity-greptimedb-durable,0,0,0
1785522574,TF_ALARMS,4880,1462568,thingsflow-alarm-materializer,0,0,0
1785522574,KV_twin_state,1870,333461,ZLB67XeG,0,0,0
1785522579,TF_RAW,101060,37294419,thingsflow-greptimedb-durable,0,0,0
1785522579,TF_RAW,101060,37294419,thingsflow-latest-kv-durable,0,0,0
1785522579,TF_RAW,101060,37294419,thingsflow-alarms-durable,0,0,0
1785522579,TF_RAW,101060,37294419,thingsflow-questdb-durable,101060,0,0
1785522579,TF_ENTITY,300,88550,thingsflow-entity-greptimedb-durable,0,0,0
1785522579,TF_ALARMS,4892,1466165,thingsflow-alarm-materializer,0,0,0
1785522579,KV_twin_state,1870,333490,ZLB67XeG,0,0,0
1785522584,TF_ENTITY,300,88550,thingsflow-entity-greptimedb-durable,0,0,0
1785522584,TF_ALARMS,4904,1469761,thingsflow-alarm-materializer,0,0,0
1785522584,KV_twin_state,1870,333453,ZLB67XeG,0,0,0
1785522584,TF_RAW,102537,37811026,thingsflow-greptimedb-durable,0,5,0
1785522584,TF_RAW,102537,37811026,thingsflow-latest-kv-durable,0,49,0
1785522584,TF_RAW,102537,37811026,thingsflow-alarms-durable,0,0,0
1785522584,TF_RAW,102537,37811026,thingsflow-questdb-durable,102537,0,0
1785522589,TF_RAW,103978,38314219,thingsflow-greptimedb-durable,0,56,0
1785522589,TF_RAW,103978,38314219,thingsflow-latest-kv-durable,0,8,0
1785522589,TF_RAW,103978,38314219,thingsflow-alarms-durable,0,0,0
1785522589,TF_RAW,103978,38314219,thingsflow-questdb-durable,103978,0,0
1785522589,TF_ENTITY,300,88550,thingsflow-entity-greptimedb-durable,0,0,0
1785522589,TF_ALARMS,4916,1473357,thingsflow-alarm-materializer,0,0,0
1785522589,KV_twin_state,1870,333446,ZLB67XeG,0,0,0
1785522595,TF_RAW,105561,38868771,thingsflow-greptimedb-durable,0,17,0
1785522595,TF_RAW,105561,38868771,thingsflow-latest-kv-durable,0,0,0
1785522595,TF_RAW,105561,38868771,thingsflow-alarms-durable,0,0,0
1785522595,TF_RAW,105561,38868771,thingsflow-questdb-durable,105561,0,0
1785522595,TF_ENTITY,300,88550,thingsflow-entity-greptimedb-durable,0,0,0
1785522595,TF_ALARMS,4928,1476952,thingsflow-alarm-materializer,0,0,0
1785522595,KV_twin_state,1870,333436,ZLB67XeG,0,0,0
1785522600,TF_RAW,106701,39267527,thingsflow-greptimedb-durable,0,0,0
1785522600,TF_RAW,106701,39267527,thingsflow-latest-kv-durable,0,0,0
1785522600,TF_RAW,106701,39267527,thingsflow-alarms-durable,0,0,0
1785522600,TF_RAW,106701,39267527,thingsflow-questdb-durable,106701,0,0
1785522600,TF_ENTITY,300,88550,thingsflow-entity-greptimedb-durable,0,0,0
1785522600,TF_ALARMS,4940,1480547,thingsflow-alarm-materializer,0,0,0
1785522600,KV_twin_state,1870,333451,ZLB67XeG,0,0,0
1785522605,TF_RAW,106701,39267523,thingsflow-greptimedb-durable,0,0,0
1785522605,TF_RAW,106701,39267523,thingsflow-latest-kv-durable,0,0,0
1785522605,TF_RAW,106701,39267523,thingsflow-alarms-durable,0,0,0
1785522605,TF_RAW,106701,39267523,thingsflow-questdb-durable,106701,0,0
1785522605,TF_ENTITY,300,88550,thingsflow-entity-greptimedb-durable,0,0,0
1785522605,TF_ALARMS,4952,1484144,thingsflow-alarm-materializer,0,0,0
1785522605,KV_twin_state,1870,333452,ZLB67XeG,0,0,0
1785522610,TF_RAW,106701,39267521,thingsflow-greptimedb-durable,0,0,0
1785522610,TF_RAW,106701,39267521,thingsflow-latest-kv-durable,0,0,0
1785522610,TF_RAW,106701,39267521,thingsflow-alarms-durable,0,0,0
1785522610,TF_RAW,106701,39267521,thingsflow-questdb-durable,106701,0,0
1785522610,TF_ENTITY,300,88550,thingsflow-entity-greptimedb-durable,0,0,0
1785522610,TF_ALARMS,4964,1487735,thingsflow-alarm-materializer,0,0,0
1785522610,KV_twin_state,1870,333448,ZLB67XeG,0,0,0
1785522615,TF_RAW,106701,39267519,thingsflow-greptimedb-durable,0,0,0
1785522615,TF_RAW,106701,39267519,thingsflow-latest-kv-durable,0,0,0
1785522615,TF_RAW,106701,39267519,thingsflow-alarms-durable,0,0,0
1785522615,TF_RAW,106701,39267519,thingsflow-questdb-durable,106701,0,0
1785522615,TF_ENTITY,300,88550,thingsflow-entity-greptimedb-durable,0,0,0
1785522615,TF_ALARMS,4976,1491330,thingsflow-alarm-materializer,0,0,0
1785522615,KV_twin_state,1870,333451,ZLB67XeG,0,0,0
1785522620,TF_ALARMS,4988,1494927,thingsflow-alarm-materializer,0,0,0
1785522620,KV_twin_state,1870,333450,ZLB67XeG,0,0,0
1785522620,TF_RAW,106701,39267516,thingsflow-greptimedb-durable,0,0,0
1785522620,TF_RAW,106701,39267516,thingsflow-latest-kv-durable,0,0,0
1785522620,TF_RAW,106701,39267516,thingsflow-alarms-durable,0,0,0
1785522620,TF_RAW,106701,39267516,thingsflow-questdb-durable,106701,0,0
1785522620,TF_ENTITY,300,88550,thingsflow-entity-greptimedb-durable,0,0,0
1785522625,TF_RAW,105826,38958808,thingsflow-greptimedb-durable,0,0,0
1785522625,TF_RAW,105826,38958808,thingsflow-latest-kv-durable,0,0,0
1785522625,TF_RAW,105826,38958808,thingsflow-alarms-durable,0,0,0
1785522625,TF_RAW,105826,38958808,thingsflow-questdb-durable,105826,0,0
1785522625,TF_ENTITY,300,88550,thingsflow-entity-greptimedb-durable,0,0,0
1785522625,TF_ALARMS,5000,1498524,thingsflow-alarm-materializer,0,0,0
1785522625,KV_twin_state,1870,333450,ZLB67XeG,0,0,0
1785522630,TF_RAW,104827,38609175,thingsflow-greptimedb-durable,0,1,0
1785522630,TF_RAW,104827,38609175,thingsflow-latest-kv-durable,0,0,0
1785522630,TF_RAW,104827,38609175,thingsflow-alarms-durable,0,0,0
1785522630,TF_RAW,104827,38609175,thingsflow-questdb-durable,104827,0,0
1785522630,TF_ENTITY,300,88550,thingsflow-entity-greptimedb-durable,0,0,0
1785522630,TF_ALARMS,5013,1502390,thingsflow-alarm-materializer,0,0,0
1785522630,KV_twin_state,1870,333455,ZLB67XeG,0,0,0
1785522635,TF_RAW,103827,38258240,thingsflow-greptimedb-durable,0,3,0
1785522635,TF_RAW,103827,38258240,thingsflow-latest-kv-durable,0,0,0
1785522635,TF_RAW,103827,38258240,thingsflow-alarms-durable,0,0,0
1785522635,TF_RAW,103827,38258240,thingsflow-questdb-durable,103827,0,0
1785522635,TF_ENTITY,300,88550,thingsflow-entity-greptimedb-durable,0,0,0
1785522635,TF_ALARMS,5026,1506308,thingsflow-alarm-materializer,0,0,0
1785522635,KV_twin_state,1870,333451,ZLB67XeG,0,0,0
1785522640,TF_ENTITY,300,88550,thingsflow-entity-greptimedb-durable,0,0,0
1785522640,TF_ALARMS,5038,1509904,thingsflow-alarm-materializer,0,0,0
1785522640,KV_twin_state,1870,333455,ZLB67XeG,0,0,0
1785522640,TF_RAW,102826,37905230,thingsflow-greptimedb-durable,0,3,0
1785522640,TF_RAW,102826,37905230,thingsflow-latest-kv-durable,0,0,0
1785522640,TF_RAW,102826,37905230,thingsflow-alarms-durable,0,0,0
1785522640,TF_RAW,102826,37905230,thingsflow-questdb-durable,102826,0,0
1785522645,TF_RAW,101825,37553104,thingsflow-greptimedb-durable,0,3,0
1785522645,TF_RAW,101825,37553104,thingsflow-latest-kv-durable,0,0,0
1785522645,TF_RAW,101825,37553104,thingsflow-alarms-durable,0,0,0
1785522645,TF_RAW,101825,37553104,thingsflow-questdb-durable,101825,0,0
1785522645,TF_ENTITY,300,88550,thingsflow-entity-greptimedb-durable,0,0,0
1785522645,TF_ALARMS,5050,1513501,thingsflow-alarm-materializer,0,0,0
1785522645,KV_twin_state,1870,333451,ZLB67XeG,0,0,0
1785522650,TF_RAW,100841,37206897,thingsflow-greptimedb-durable,0,0,0
1785522650,TF_RAW,100841,37206897,thingsflow-latest-kv-durable,0,0,0
1785522650,TF_RAW,100841,37206897,thingsflow-alarms-durable,0,0,0
1785522650,TF_RAW,100841,37206897,thingsflow-questdb-durable,100841,0,0
1785522650,TF_ENTITY,300,88550,thingsflow-entity-greptimedb-durable,0,0,0
1785522650,TF_ALARMS,5062,1517096,thingsflow-alarm-materializer,0,0,0
1785522650,KV_twin_state,1870,333451,ZLB67XeG,0,0,0
1785522655,TF_RAW,99825,36849487,thingsflow-greptimedb-durable,0,0,0
1785522655,TF_RAW,99825,36849487,thingsflow-latest-kv-durable,0,0,0
1785522655,TF_RAW,99825,36849487,thingsflow-alarms-durable,0,0,0
1785522655,TF_RAW,99825,36849487,thingsflow-questdb-durable,99825,0,0
1785522655,TF_ENTITY,300,88550,thingsflow-entity-greptimedb-durable,0,0,0
1785522655,TF_ALARMS,5074,1520690,thingsflow-alarm-materializer,0,0,0
1785522655,KV_twin_state,1870,333455,ZLB67XeG,0,0,0
1785522660,TF_RAW,98824,36497361,thingsflow-greptimedb-durable,0,0,0
1785522660,TF_RAW,98824,36497361,thingsflow-latest-kv-durable,0,0,0
1785522660,TF_RAW,98824,36497361,thingsflow-alarms-durable,0,0,0
1785522660,TF_RAW,98824,36497361,thingsflow-questdb-durable,98824,0,0
1785522660,TF_ENTITY,300,88548,thingsflow-entity-greptimedb-durable,0,0,0
1785522660,TF_ALARMS,5086,1524287,thingsflow-alarm-materializer,0,0,0
1785522660,KV_twin_state,1870,333449,ZLB67XeG,0,0,0
1785522665,TF_RAW,97825,36145892,thingsflow-greptimedb-durable,0,0,0
1785522665,TF_RAW,97825,36145892,thingsflow-latest-kv-durable,0,0,0
1785522665,TF_RAW,97825,36145892,thingsflow-alarms-durable,0,0,0
1785522665,TF_RAW,97825,36145892,thingsflow-questdb-durable,97825,0,0
1785522665,TF_ENTITY,300,88548,thingsflow-entity-greptimedb-durable,0,0,0
1785522665,TF_ALARMS,5098,1527883,thingsflow-alarm-materializer,0,0,0
1785522665,KV_twin_state,1870,333449,ZLB67XeG,0,0,0
1785522670,TF_RAW,96823,35793395,thingsflow-greptimedb-durable,0,0,0
1785522670,TF_RAW,96823,35793395,thingsflow-latest-kv-durable,0,0,0
1785522670,TF_RAW,96823,35793395,thingsflow-alarms-durable,0,0,0
1785522670,TF_RAW,96823,35793395,thingsflow-questdb-durable,96823,0,0
1785522670,TF_ENTITY,300,88548,thingsflow-entity-greptimedb-durable,0,0,0
1785522670,TF_ALARMS,5110,1531480,thingsflow-alarm-materializer,0,0,0
1785522670,KV_twin_state,1870,333456,ZLB67XeG,0,0,0
1785522675,TF_ALARMS,5122,1535077,thingsflow-alarm-materializer,0,0,0
1785522675,KV_twin_state,1870,333458,ZLB67XeG,0,0,0
1785522675,TF_RAW,95820,35440529,thingsflow-greptimedb-durable,0,0,0
1785522675,TF_RAW,95820,35440529,thingsflow-latest-kv-durable,0,0,0
1785522675,TF_RAW,95820,35440529,thingsflow-alarms-durable,0,0,0
1785522675,TF_RAW,95820,35440529,thingsflow-questdb-durable,95820,0,0
1785522675,TF_ENTITY,300,88548,thingsflow-entity-greptimedb-durable,0,0,0
1785522680,TF_RAW,94815,35086944,thingsflow-greptimedb-durable,0,0,0
1785522680,TF_RAW,94815,35086944,thingsflow-latest-kv-durable,0,0,0
1785522680,TF_RAW,94815,35086944,thingsflow-alarms-durable,0,0,0
1785522680,TF_RAW,94815,35086944,thingsflow-questdb-durable,94815,0,0
1785522680,TF_ENTITY,300,88548,thingsflow-entity-greptimedb-durable,0,0,0
1785522680,TF_ALARMS,5134,1538673,thingsflow-alarm-materializer,0,0,0
1785522680,KV_twin_state,1870,333454,ZLB67XeG,0,0,0
1785522685,TF_RAW,93809,34733041,thingsflow-greptimedb-durable,0,0,0
1785522685,TF_RAW,93809,34733041,thingsflow-latest-kv-durable,0,0,0
1785522685,TF_RAW,93809,34733041,thingsflow-alarms-durable,0,0,0
1785522685,TF_RAW,93809,34733041,thingsflow-questdb-durable,93809,0,0
1785522685,TF_ENTITY,300,88548,thingsflow-entity-greptimedb-durable,0,0,0
1785522685,TF_ALARMS,5146,1542268,thingsflow-alarm-materializer,0,0,0
1785522685,KV_twin_state,1870,333456,ZLB67XeG,0,0,0
